latitud,longitud,altura,frecuencia_dias_precipitacion_gt_1mm_anual_amplitud,frecuencia_dias_precipitacion_gt_1mm_anual_cv,frecuencia_dias_precipitacion_gt_1mm_anual_max,frecuencia_dias_precipitacion_gt_1mm_anual_media,frecuencia_dias_precipitacion_gt_1mm_anual_min,frecuencia_dias_precipitacion_gt_1mm_anual_std,frecuencia_dias_precipitacion_gt_1mm_anual_total,humedad_relativa_porcentaje_anual_amplitud,humedad_relativa_porcentaje_anual_cv,humedad_relativa_porcentaje_anual_max,humedad_relativa_porcentaje_anual_media,humedad_relativa_porcentaje_anual_min,humedad_relativa_porcentaje_anual_std,humedad_relativa_porcentaje_anual_total,nubosidad_octavos_anual_amplitud,nubosidad_octavos_anual_cv,nubosidad_octavos_anual_max,nubosidad_octavos_anual_media,nubosidad_octavos_anual_min,nubosidad_octavos_anual_std,nubosidad_octavos_anual_total,precipitacion_mm_anual_amplitud,precipitacion_mm_anual_cv,precipitacion_mm_anual_max,precipitacion_mm_anual_media,precipitacion_mm_anual_min,precipitacion_mm_anual_std,precipitacion_mm_anual_total,temperatura_anual_amplitud,temperatura_anual_cv,temperatura_anual_max,temperatura_anual_media,temperatura_anual_min,temperatura_anual_std,temperatura_anual_total,temperatura_maxima_c_anual_amplitud,temperatura_maxima_c_anual_cv,temperatura_maxima_c_anual_max,temperatura_maxima_c_anual_media,temperatura_maxima_c_anual_min,temperatura_maxima_c_anual_std,temperatura_maxima_c_anual_total,temperatura_minima_c_anual_amplitud,temperatura_minima_c_anual_cv,temperatura_minima_c_anual_max,temperatura_minima_c_anual_media,temperatura_minima_c_anual_min,temperatura_minima_c_anual_std,temperatura_minima_c_anual_total,duracion_dia_verano_horas,duracion_dia_invierno_horas,angulo_cenital_mediodia_verano_grados,angulo_cenital_mediodia_invierno_grados,ghi
-34.55,-58.4167,6.0,3.0,0.1572,7.5,5.925,4.5,0.9314,71.1,11.3,0.0529,76.4,71.4417,65.1,3.7802,857.3,1.1,0.1123,4.2,3.625,3.1,0.407,43.5,62.9,0.2529,117.5,92.2417,54.6,23.3298,1106.9,13.2,0.2625,24.5,18.05,11.3,4.7383,216.6,14.0,0.2304,28.4,21.6083,14.4,4.978,259.3,12.4,0.3025,20.8,14.725,8.4,4.454,176.7,14.3171,9.6829,11.1002,57.9998,199.8639
-36.8167,-59.8833,147.0,3.9,0.2332,7.3,5.5583,3.4,1.2965,66.7,17.9,0.0772,81.4,74.1,63.5,5.7225,889.2,1.0,0.0991,4.2,3.7333,3.2,0.3701,44.8,76.8,0.3301,113.9,77.9583,37.1,25.7374,935.5,14.7,0.374,21.6,14.1167,6.9,5.2796,169.4,16.3,0.2729,29.5,21.1667,13.2,5.7768,254.0,12.2,0.5673,14.0,7.7917,1.8,4.4199,93.5,14.5263,9.4737,13.3669,60.2665,198.2992
-38.7,-62.15,83.0,3.2,0.1973,6.7,4.975,3.5,0.9818,59.7,23.2,0.1186,75.2,64.6417,52.0,7.6662,775.7,1.2,0.1163,4.1,3.575,2.9,0.4159,42.9,38.9,0.2962,70.6,53.2583,31.7,15.7777,639.1,16.0,0.3697,23.6,15.4083,7.6,5.6962,184.9,17.3,0.2758,31.2,22.425,13.9,6.1846,269.1,13.9,0.53,16.3,9.2417,2.4,4.8985,110.9,14.7114,9.2886,15.2502,62.1498,201.6662
-41.1333,-71.15,835.0,10.8,0.5631,13.3,6.8167,2.5,3.8388,81.8,27.2,0.1569,79.1,65.0167,51.9,10.2024,780.2,2.7,0.223,5.4,4.0083,2.7,0.8939,48.1,150.8,0.7443,168.3,67.7083,17.5,50.3945,812.5,13.3,0.5706,15.4,8.4583,2.1,4.8263,101.5,16.5,0.4058,23.2,14.9333,6.7,6.0604,179.2,8.6,1.2221,7.0,2.5167,-1.6,3.0757,30.2,14.9683,9.0317,17.6835,64.5831,183.9282
-77.8667,-34.6167,256.0,0.88,0.0847,4.54,4.29,3.66,0.3632,51.48,9.46,0.0319,86.4,84.565,76.94,2.6977,1014.78,1.5,0.1007,5.4,4.6083,3.9,0.4641,55.3,12.8,0.1539,42.78,34.0283,29.98,5.2374,408.34,18.3,-0.512,-2.6,-13.2167,-20.9,6.7667,-158.6,18.3,-0.6983,0.8,-9.75,-17.5,6.8086,-117.0,18.9,-0.3952,-6.1,-17.3833,-25.0,6.8695,-208.6,24.0,0.0,54.4169,101.3165,126.4091
-62.2333,-58.65,11.0,0.94,0.0353,8.62,8.1933,7.68,0.2889,98.32,4.94,0.0151,87.6,85.285,82.66,1.2872,1023.42,0.7,0.0368,7.1,6.775,6.4,0.2491,81.3,7.08,0.0625,41.74,37.68,34.66,2.3551,452.16,8.0,-1.7699,2.2,-1.65,-5.8,2.9203,-19.8,7.3,4.2382,4.3,0.6167,-3.0,2.6135,7.4,9.4,-0.8502,0.4,-4.0167,-9.0,3.4149,-48.2,19.3967,4.6033,38.7835,85.6831,101.2422
-63.3833,-56.9833,24.0,2.34,0.1045,7.94,7.1467,5.6,0.7467,85.76,5.62,0.026,85.02,82.9667,79.4,2.154,995.6,1.2,0.0646,6.3,5.6917,5.1,0.3679,68.3,10.94,0.1014,39.52,33.73,28.58,3.419,404.76,12.3,-1.0045,1.5,-4.525,-10.8,4.5456,-54.3,10.7,-4.9045,4.3,-0.8083,-6.4,3.9645,-9.7,13.8,-0.6366,-1.2,-7.975,-15.0,5.0769,-95.7,19.9933,4.0067,39.9335,86.8331,108.7206
-64.2333,-56.6167,198.0,1.86,0.0637,8.62,7.6133,6.76,0.4848,91.36,7.54,0.026,90.2,85.0167,82.66,2.2079,1020.2,1.8,0.111,6.6,5.6833,4.8,0.6308,68.2,12.94,0.0931,41.74,34.4633,28.8,3.2097,413.56,14.1,-0.6706,-0.8,-8.0167,-14.9,5.3758,-96.2,12.4,-1.0644,1.7,-4.3333,-10.7,4.6125,-52.0,16.3,-0.5372,-3.0,-11.45,-19.3,6.1513,-137.4,20.5305,3.4695,40.7835,87.6831,128.3963
-60.7333,-44.7333,12.0,1.64,0.1149,6.14,5.225,4.5,0.6002,62.7,2.1,0.0083,88.0,87.1683,85.9,0.7253,1046.02,1.3,0.0627,7.5,6.95,6.2,0.4359,83.4,10.58,0.0939,42.54,37.8717,31.96,3.5577,454.46,10.8,-1.2537,1.4,-3.1,-9.4,3.8863,-37.2,8.9,-27.5933,3.6,-0.1167,-5.3,3.2192,-1.4,13.7,-0.798,-0.4,-6.1167,-14.1,4.8813,-73.4,18.7622,5.2378,37.2835,84.1831,102.4939
-68.1167,-67.1,7.0,1.26,0.0481,8.62,7.99,7.36,0.3842,95.88,11.46,0.0464,82.66,78.035,71.2,3.6225,936.42,1.3,0.069,6.5,6.0667,5.2,0.4185,72.8,8.86,0.0853,41.74,36.4617,32.88,3.1117,437.54,13.4,-1.1046,1.9,-4.375,-11.5,4.8325,-52.5,11.8,-3.6645,4.5,-1.1417,-7.3,4.1836,-13.7,15.8,-0.7315,-0.5,-7.925,-16.3,5.7969,-95.1,24.0,0.0,44.6669,91.5665,124.6008
-26.2667,-53.6667,815.0,5.5,0.1866,12.0,9.4333,6.5,1.7603,113.2,12.4,0.0505,79.8,75.4583,67.4,3.8097,905.5,1.3,0.0797,5.3,4.7417,4.0,0.3777,56.9,171.5,0.2195,277.9,187.4667,106.4,41.1551,2249.6,8.0,0.1535,22.9,19.275,14.9,2.9588,231.3,8.8,0.1325,28.1,24.225,19.3,3.2105,290.7,7.8,0.1819,19.0,15.3833,11.2,2.7983,184.6,13.6481,10.3519,2.8169,49.7165,198.3715
-36.1833,-61.0667,94.0,4.5,0.272,8.0,5.8333,3.5,1.5865,70.0,15.8,0.0688,81.8,74.7833,66.0,5.1437,897.4,0.9,0.0977,4.2,3.7417,3.3,0.3655,44.9,97.6,0.4086,133.0,84.8417,35.4,34.6628,1018.1,15.0,0.3556,22.3,14.9917,7.3,5.3304,179.9,15.8,0.2564,29.6,21.9333,13.8,5.6229,263.2,13.0,0.5249,15.0,8.7583,2.0,4.5971,105.1,14.4665,9.5335,12.7335,59.6331,200.7892
-34.5833,-58.4833,25.0,3.0,0.164,7.9,6.375,4.9,1.0454,76.5,15.9,0.0758,78.7,71.2333,62.8,5.3962,854.8,1.1,0.1152,4.3,3.7083,3.2,0.4274,44.5,72.9,0.2553,134.4,104.8,61.5,26.7578,1257.6,13.9,0.2724,24.9,18.0833,11.0,4.9252,217.0,14.6,0.2258,30.1,22.975,15.5,5.1881,275.7,12.7,0.3275,20.2,13.825,7.5,4.5281,165.9,14.3201,9.6799,11.1335,58.0331,199.8639
-28.5833,-65.75,464.0,6.4,0.6424,7.0,3.5167,0.6,2.2591,42.2,26.0,0.1679,66.5,54.7167,40.5,9.1856,656.6,1.1,0.1261,3.5,3.1,2.4,0.3908,37.2,78.0,0.8654,80.9,34.2583,2.9,29.6474,411.1,16.1,0.2792,27.8,21.0417,11.7,5.8754,252.5,14.4,0.1859,34.6,28.375,20.2,5.2754,340.5,17.4,0.4352,21.9,14.5833,4.5,6.3468,175.0,13.8227,10.1773,5.1335,52.0331,215.4028
-29.8667,-61.9333,88.0,6.1,0.4819,7.4,4.825,1.3,2.325,57.9,14.6,0.072,80.8,73.2,66.2,5.2738,878.4,1.1,0.1099,4.1,3.4333,3.0,0.3774,41.2,138.9,0.6841,147.3,78.6,8.4,53.7697,943.2,13.9,0.2566,25.5,19.075,11.6,4.8938,228.9,13.2,0.1796,32.3,26.1,19.1,4.6889,313.2,13.3,0.3542,19.4,13.25,6.1,4.6932,159.0,13.9232,10.0768,6.4169,53.3165,207.0114
-30.3333,-66.2833,461.0,5.4,0.6835,5.8,3.0417,0.4,2.0791,36.5,23.8,0.1498,70.3,58.7167,46.5,8.7983,704.6,1.7,0.1714,3.9,3.225,2.2,0.5529,38.7,90.7,0.9321,93.4,38.3417,2.7,35.7392,460.1,16.0,0.2895,27.0,19.875,11.0,5.7536,238.5,15.2,0.2088,33.8,26.875,18.6,5.6125,322.5,15.6,0.4043,20.6,13.7417,5.0,5.5551,164.9,13.9604,10.0396,6.8835,53.7831,226.9174
-29.2167,-67.4333,947.0,4.56,0.8585,4.86,2.0217,0.3,1.7356,24.26,17.5,0.0989,68.5,59.4233,51.0,5.8783,713.08,1.7,0.2113,3.6,2.8167,1.9,0.5952,33.8,51.74,1.0652,52.94,17.1817,1.2,18.3015,206.18,16.2,0.3176,25.7,18.5917,9.5,5.9046,223.1,15.7,0.2194,33.7,26.5917,18.0,5.833,319.1,17.6,0.5755,19.1,11.2167,1.5,6.4553,134.6,13.8719,10.1281,5.7669,52.6665,242.8601
-45.7833,-67.45,46.0,2.6,0.266,4.2,2.8917,1.6,0.7692,34.7,20.0,0.1441,59.0,49.3333,39.0,7.1069,592.0,0.4,0.0362,4.5,4.3833,4.1,0.1586,52.6,26.5,0.418,37.2,21.5083,10.7,8.9903,258.1,13.1,0.3548,19.8,13.175,6.7,4.6751,158.1,15.3,0.2952,26.3,18.6917,11.0,5.5173,224.3,10.8,0.4825,13.5,8.0083,2.7,3.8644,96.1,15.5299,8.4701,22.3335,69.2331,181.3801
-31.3,-58.0,37.0,3.8,0.1834,8.1,6.4167,4.3,1.1769,77.0,17.0,0.0803,81.6,73.0,64.6,5.8628,876.0,1.1,0.1152,4.0,3.3417,2.9,0.3848,40.1,117.9,0.3101,173.2,122.3333,55.3,37.935,1468.0,13.5,0.2513,25.6,18.95,12.1,4.7628,227.4,14.1,0.1997,31.9,24.8833,17.8,4.9684,298.6,12.1,0.3177,19.5,13.55,7.4,4.3049,162.6,14.0389,9.9611,7.8502,54.7498,200.5801
-31.2833,-64.2,495.0,7.9,0.619,8.6,5.0083,0.7,3.1,60.1,20.1,0.1093,75.1,65.9833,55.0,7.2149,791.8,1.3,0.0915,4.3,3.7,3.0,0.3384,44.4,140.5,0.7694,146.5,71.3583,6.0,54.9036,856.3,13.7,0.2809,23.5,17.2583,9.8,4.8485,207.1,12.2,0.177,29.9,24.3917,17.7,4.3175,292.7,13.8,0.4445,17.5,11.15,3.7,4.9563,133.8,14.0375,9.9625,7.8335,54.7331,209.883
-31.4167,-64.1833,425.0,8.6,0.6122,9.6,5.325,1.0,3.26,63.9,17.9,0.1018,73.6,65.15,55.7,6.6315,781.8,1.3,0.0961,4.1,3.5167,2.8,0.338,42.2,137.2,0.7617,143.9,67.9667,6.7,51.7677,815.6,13.9,0.2691,24.7,18.3833,10.8,4.9466,220.6,12.8,0.1794,31.2,25.3417,18.4,4.5472,304.1,13.4,0.3763,18.9,12.75,5.5,4.798,153.0,14.0485,9.9515,7.9669,54.8665,209.883
-38.0,-61.33,247.0,4.3,0.2393,7.6,5.6583,3.3,1.3541,67.9,18.3,0.0849,79.5,71.3917,61.2,6.0614,856.7,1.0,0.0979,4.3,3.8583,3.3,0.3777,46.3,70.7,0.3907,93.2,62.775,22.5,24.5272,753.3,15.3,0.4008,21.5,13.65,6.2,5.4705,163.8,16.8,0.2881,29.3,20.7333,12.5,5.9735,248.8,12.6,0.6303,13.7,7.225,1.1,4.5539,86.7,14.6413,9.3587,14.5502,61.4498,200.38
-37.45,-61.8833,233.0,4.3,0.3155,7.0,5.2,2.7,1.6407,57.2,20.6,0.0916,81.5,72.5091,60.9,6.6442,797.6,0.9,0.0887,4.4,3.9745,3.5,0.3526,43.72,70.1,0.425,94.2,62.9818,24.1,26.7641,692.8,14.5,0.4004,21.3,13.1436,6.8,5.2632,144.58,16.5,0.2855,29.0,20.1909,12.5,5.7638,222.1,13.4,0.7186,13.8,6.4636,0.4,4.6446,71.1,14.5873,9.4127,14.0002,60.8998,200.38
-27.4333,-58.75,62.0,5.2,0.2877,8.3,6.2583,3.1,1.8007,75.1,11.9,0.0555,80.4,74.125,68.5,4.1128,889.5,1.1,0.0862,4.3,3.6,3.2,0.3104,43.2,152.6,0.4858,184.8,121.2583,32.2,58.9079,1455.1,11.7,0.1951,26.9,21.375,15.2,4.1698,256.5,11.8,0.1536,33.0,27.3417,21.2,4.2005,328.1,11.2,0.243,21.6,16.35,10.4,3.9737,196.2,13.735,10.265,3.9835,50.8831,202.8449
-36.3167,-57.7167,9.0,2.4,0.1375,7.4,6.1417,5.0,0.8447,73.7,14.1,0.0602,85.2,79.1917,71.1,4.7676,950.3,1.0,0.1064,4.0,3.55,3.0,0.3778,42.6,50.5,0.2123,109.2,82.2167,58.7,17.4539,986.6,13.8,0.3282,21.8,15.0583,8.0,4.9417,180.7,14.9,0.2506,28.5,21.25,13.6,5.3245,255.0,11.6,0.4334,15.4,9.675,3.8,4.1929,116.1,14.479,9.521,12.8669,59.7665,194.56
-41.95,-71.5333,326.0,9.8,0.4649,13.6,7.875,3.8,3.6614,94.5,24.6,0.1289,83.8,72.1417,59.2,9.2983,865.7,2.5,0.1833,5.6,4.3667,3.1,0.8004,52.4,142.3,0.6507,173.1,75.4667,30.8,49.1063,905.6,13.8,0.4921,17.4,10.15,3.6,4.995,121.8,16.9,0.3608,25.7,17.3333,8.8,6.2545,208.0,8.3,0.825,7.9,3.6167,-0.4,2.9838,43.4,15.0596,8.9404,18.5002,65.3998,183.9282
-50.2833,-72.05,204.0,2.4,0.3074,3.8,2.6167,1.4,0.8043,31.4,31.8,0.1975,78.4,62.1917,46.6,12.2804,746.3,0.5,0.0313,4.8,4.4833,4.3,0.1403,53.8,13.4,0.3195,20.3,13.4,6.9,4.2815,160.8,13.3,0.6673,13.9,7.4333,0.6,4.9601,89.2,14.0,0.4085,19.2,12.7,5.2,5.1877,152.4,11.6,2.8243,7.2,1.4917,-4.4,4.2129,17.9,16.1971,7.8029,26.8335,73.7331,134.1572
-34.6,-58.6,12.0,2.9,0.1668,7.3,5.8217,4.4,0.9709,69.86,16.6,0.0754,82.1,74.075,65.5,5.5852,888.9,1.0,0.1006,4.2,3.675,3.2,0.3696,44.1,61.8,0.2663,116.3,91.3933,54.5,24.3346,1096.72,14.4,0.302,24.1,17.0083,9.7,5.1369,204.1,13.78,0.2203,29.66,22.46,15.88,4.9488,269.52,13.16,0.3742,19.24,12.5617,6.08,4.7003,150.74,14.3216,9.6784,11.1502,58.0498,199.8639
-32.2,-61.72,96.0,5.8,0.3976,8.0,5.225,2.2,2.0776,62.7,12.3,0.0621,78.4,72.3667,66.1,4.4911,868.4,0.9,0.0921,4.1,3.5417,3.2,0.326,42.5,140.7,0.5912,160.0,82.0167,19.3,48.4899,984.2,14.3,0.2936,23.9,17.25,9.6,5.0642,207.0,13.8,0.2025,30.7,24.2667,16.9,4.9152,291.2,13.6,0.44,17.4,11.075,3.8,4.8731,132.9,14.1137,9.8863,8.7502,55.6498,204.7352
-42.9,-71.1333,797.0,6.1,0.4168,8.8,5.325,2.7,2.2194,63.9,28.0,0.1797,75.4,60.275,47.4,10.8321,723.3,1.5,0.1249,4.6,3.8667,3.1,0.483,46.4,60.8,0.5446,81.1,39.3833,20.3,21.4467,472.6,13.7,0.5734,15.4,8.6,1.7,4.9315,103.2,16.1,0.3936,22.3,14.5667,6.2,5.7342,174.8,11.0,1.2942,8.6,3.0,-2.4,3.8826,36.0,15.1695,8.8305,19.4502,66.3498,182.7318
-52.0,-60.0,0.0,5.8,0.1465,15.15,12.4083,9.35,1.8179,148.9,10.1968,0.0457,88.4194,83.8714,78.2226,3.8289,1006.4567,0.7277,0.0422,6.462,6.053,5.7343,0.2557,72.6354,27.7652,0.1635,63.5421,49.1843,35.7769,8.0413,590.2117,7.1618,0.4133,10.0659,6.4404,2.9041,2.6617,77.2848,8.2837,0.3618,12.5361,8.4679,4.2524,3.0633,101.6153,5.8594,0.498,7.4394,4.427,1.58,2.2045,53.1244,16.4966,7.5034,28.5502,75.4498,132.121
-52.0,-59.0,0.0,5.95,0.1354,15.9,13.1542,9.95,1.7806,157.85,11.7461,0.0521,89.319,83.8032,77.5729,4.3641,1005.6386,0.7277,0.0422,6.462,6.053,5.7343,0.2557,72.6354,29.9812,0.1604,66.6799,51.9113,36.6987,8.3276,622.9358,7.4421,0.4331,10.1565,6.3893,2.7144,2.7674,76.6721,8.8266,0.378,12.9145,8.6088,4.0879,3.2543,103.3051,5.9326,0.5287,7.306,4.2391,1.3734,2.2411,50.8697,16.4966,7.5034,28.5502,75.4498,132.121
-48.0,-69.0,248.0,2.25,0.1696,5.65,4.5292,3.4,0.7683,54.35,38.9522,0.2343,82.0857,61.2709,43.1335,14.3573,735.2502,0.5475,0.042,4.8837,4.5927,4.3362,0.1929,55.1124,12.489,0.1877,25.7204,19.8021,13.2314,3.7169,237.6252,15.2256,0.7143,15.2265,7.813,0.0009,5.5808,93.7558,18.1162,0.4796,22.3653,13.8277,4.2491,6.6321,165.9322,10.8294,1.5969,7.8731,2.4677,-2.9563,3.9406,29.6127,15.84,8.16,24.5502,71.4498,174.2976
-26.0,-66.0,3261.0,15.7,0.7488,16.45,8.0667,0.75,6.0401,96.8,36.6984,0.2497,74.8003,54.6709,38.1019,13.6539,656.0507,2.8493,0.2537,5.0594,3.8134,2.2101,0.9675,45.7607,190.732,0.9795,193.6617,72.6962,2.9297,71.2071,872.3541,8.4207,0.4312,11.165,7.5052,2.7443,3.2359,90.0627,7.2474,0.1617,19.1981,16.1162,11.9507,2.6053,193.3943,8.6547,4.2763,5.3493,0.7746,-3.3054,3.3123,9.295,13.6285,10.3715,2.5502,49.4498,225.2605
-26.0,-64.0,184.0,14.2,0.7139,15.05,8.1042,0.85,5.7853,97.25,31.4688,0.1938,71.2115,58.3415,39.7427,11.3088,700.0974,2.1592,0.1577,5.1653,4.4,3.0061,0.6938,52.8001,166.3444,0.9011,169.5384,71.8894,3.194,64.7802,862.6731,12.4444,0.2075,28.053,22.966,15.6086,4.7648,275.592,11.7588,0.1437,35.5493,30.477,23.7905,4.3781,365.7237,12.9901,0.2941,21.7978,16.3011,8.8077,4.7948,195.6126,13.6285,10.3715,2.5502,49.4498,205.2215
-26.0,-63.0,172.0,14.0,0.6198,15.55,8.7583,1.55,5.4286,105.1,28.4472,0.1724,69.3585,57.6052,40.9113,9.933,691.2624,2.0233,0.1527,5.3286,4.5493,3.3053,0.6947,54.5915,148.5834,0.8339,153.6077,68.5085,5.0243,57.1279,822.1019,12.2813,0.2005,28.4415,23.2932,16.1602,4.6697,279.5186,11.1633,0.1403,35.4537,30.8813,24.2904,4.3341,370.5752,12.8171,0.2848,22.0359,16.5633,9.2188,4.7177,198.7598,13.6285,10.3715,2.5502,49.4498,201.2293
-26.0,-62.0,151.0,10.8,0.5156,13.0,7.9583,2.2,4.1034,95.5,24.0808,0.1375,69.1319,58.0324,45.0511,7.9821,696.3884,1.8355,0.1224,5.0283,4.318,3.1928,0.5283,51.8155,114.9635,0.6474,127.5829,73.2261,12.6194,47.4084,878.7135,12.5694,0.1996,29.155,23.5721,16.5856,4.706,282.8654,11.5114,0.1435,35.7262,30.808,24.2148,4.4212,369.6956,12.8829,0.2742,22.9129,17.1332,10.03,4.6979,205.5978,13.6285,10.3715,2.5502,49.4498,203.2315
-25.0,-68.0,3963.0,10.7,0.992,11.05,4.35,0.35,4.3153,52.2,20.7127,0.2399,41.6675,29.5858,20.9548,7.098,355.0297,1.1594,0.1828,3.0896,2.3937,1.9302,0.4376,28.7242,48.2688,1.0715,49.4137,17.1914,1.1449,18.4204,206.2964,10.8108,1.1146,8.9098,3.5289,-1.901,3.9331,42.3466,12.311,0.357,18.6921,13.1915,6.3811,4.709,158.2977,7.4905,-0.61,-0.021,-4.0313,-7.5115,2.4591,-48.3762,13.556,10.444,1.5502,48.4498,292.9482
-25.0,-67.0,4801.0,16.1,0.8963,16.65,7.2125,0.55,6.4649,86.55,30.0077,0.2467,58.9715,42.2435,28.9638,10.4209,506.9226,2.1618,0.3444,3.5629,2.0524,1.4011,0.7068,24.6289,168.9814,1.0764,171.1035,59.7686,2.1221,64.3333,717.2231,10.586,1.2414,8.193,3.1677,-2.393,3.9322,38.012,11.5865,0.3634,17.2483,11.9716,5.6618,4.3507,143.6597,8.5777,-0.7244,0.3312,-3.9457,-8.2465,2.8582,-47.3484,13.556,10.444,1.5502,48.4498,284.1677
-25.0,-64.0,297.0,15.55,0.7987,16.35,8.1417,0.8,6.5029,97.7,32.2114,0.2037,71.0272,57.7594,38.8158,11.7642,693.1124,2.1993,0.1454,5.4765,4.6191,3.2772,0.6715,55.4289,186.6348,0.9992,189.7121,66.1604,3.0773,66.1091,793.9252,12.0084,0.198,28.2497,23.3042,16.2413,4.6146,279.6509,11.618,0.1385,35.9219,30.7119,24.3039,4.2538,368.5427,12.4757,0.2784,21.9465,16.772,9.4708,4.669,201.2638,13.556,10.444,1.5502,48.4498,205.3001
-25.0,-63.0,225.0,14.75,0.684,16.1,8.825,1.35,6.0366,105.9,28.8031,0.1806,68.3705,56.7342,39.5674,10.2464,680.81,1.9455,0.1318,5.2417,4.5044,3.2962,0.5936,54.0533,174.7525,0.896,180.7202,65.3764,5.9677,58.5755,784.5172,11.8977,0.1909,28.8857,23.924,16.988,4.5665,287.0884,11.0857,0.1349,36.1731,31.4883,25.0874,4.2468,377.8595,12.4181,0.2692,22.4112,17.196,9.9931,4.6296,206.3525,13.556,10.444,1.5502,48.4498,201.4086
-25.0,-62.0,170.0,9.95,0.5422,11.7,7.3125,1.75,3.9646,87.75,25.353,0.1488,67.8472,56.5349,42.4942,8.4112,678.4192,1.6857,0.1176,5.223,4.4657,3.5373,0.5251,53.588,125.4048,0.6725,136.263,70.3755,10.8582,47.324,844.5054,12.0745,0.186,29.7326,24.4627,17.6581,4.5491,293.5529,11.1304,0.1351,36.4553,31.7521,25.3249,4.2889,381.0257,12.4853,0.2548,23.4476,17.9623,10.9623,4.5773,215.5479,13.556,10.444,1.5502,48.4498,201.8063
-25.0,-59.0,79.0,8.6,0.3021,13.1,9.4083,4.5,2.8423,112.9,18.4816,0.0855,80.0489,69.6326,61.5673,5.9538,835.5914,1.1356,0.0777,5.1739,4.5462,4.0383,0.3533,54.5541,143.8734,0.4597,171.4864,111.3076,27.613,51.1675,1335.6908,12.1298,0.192,28.6725,23.2888,16.5427,4.4722,279.4661,11.2962,0.1425,34.829,30.0228,23.5328,4.2777,360.2733,12.0809,0.2545,22.918,17.4013,10.8371,4.4291,208.8154,13.556,10.444,1.5502,48.4498,202.3313
-48.0,-68.0,246.0,1.9,0.1458,5.55,4.5958,3.65,0.67,55.15,41.3013,0.259,80.3153,57.9085,39.014,14.9982,694.9018,0.5485,0.0387,4.7752,4.4765,4.2267,0.1731,53.7178,13.4699,0.1979,28.0536,20.408,14.5837,4.0391,244.8965,16.3777,0.6158,17.5695,9.6719,1.1918,5.9563,116.0631,18.6765,0.4234,24.7426,16.0026,6.0661,6.7748,192.0311,12.3122,1.1161,10.138,3.9961,-2.1742,4.46,47.9536,15.84,8.16,24.5502,71.4498,174.1619
-24.0,-67.0,3965.0,15.3,0.9042,15.8,6.6833,0.5,6.043,80.2,32.2887,0.304,58.1099,38.2664,25.8212,11.633,459.1971,2.0921,0.3407,3.4939,2.0329,1.4018,0.6927,24.3945,138.5892,1.0726,140.5103,51.3717,1.9211,55.0991,616.4606,9.2829,0.9788,8.0247,3.5258,-1.2582,3.451,42.3097,10.9382,0.3083,18.2246,13.1267,7.2864,4.0464,157.5207,6.6912,-0.5552,-0.3548,-3.9556,-7.046,2.1961,-47.4667,13.4847,10.5153,0.5502,47.4498,287.3267
-24.0,-63.0,245.0,13.7,0.7024,14.8,8.1125,1.1,5.6986,97.35,30.5819,0.1942,69.2017,57.1283,38.6198,11.0961,685.54,1.9396,0.127,5.3139,4.6271,3.3743,0.5874,55.5256,197.2327,0.9556,201.3696,68.612,4.1369,65.5661,823.3436,11.3696,0.179,29.1924,24.5506,17.8228,4.3947,294.6071,10.8938,0.128,36.8559,32.1293,25.9621,4.1118,385.5515,11.921,0.2511,22.6912,17.8666,10.7702,4.486,214.3987,13.4847,10.5153,0.5502,47.4498,201.1058
-24.0,-62.0,176.0,12.05,0.6042,13.5,7.75,1.45,4.6825,93.0,25.2083,0.1579,65.2072,54.8844,39.9989,8.6663,658.6128,1.8587,0.1108,5.2859,4.4428,3.4272,0.4923,53.3138,152.7053,0.7699,160.0121,66.6251,7.3068,51.2929,799.5013,11.0551,0.1669,29.9962,25.2697,18.9411,4.218,303.2359,10.1173,0.1211,36.5987,32.4269,26.4814,3.9268,389.1228,11.5913,0.2284,23.7861,18.8255,12.1948,4.2995,225.9058,13.4847,10.5153,0.5502,47.4498,203.6709
-23.0,-62.0,188.0,11.9,0.6211,12.95,7.5125,1.05,4.6661,90.15,24.7204,0.1674,63.1464,53.649,38.426,8.9803,643.788,1.8439,0.1151,5.3877,4.6594,3.5438,0.5361,55.9125,146.5807,0.8175,151.0858,60.2663,4.5051,49.2676,723.1953,10.017,0.1507,30.0655,25.888,20.0485,3.9006,310.656,9.4762,0.1088,37.0035,33.0099,27.5273,3.5923,396.1192,10.6636,0.2071,23.8992,19.4633,13.2356,4.0308,233.5591,13.4147,10.5853,0.4498,46.4498,201.4515
-48.0,-67.0,0.0,1.9,0.1289,5.2,4.35,3.3,0.5608,52.2,43.6129,0.263,83.3411,60.2654,39.7282,15.8478,723.1846,0.5485,0.0387,4.7752,4.4765,4.2267,0.1731,53.7178,17.7536,0.2579,31.5557,19.804,13.8021,5.1071,237.6481,16.4068,0.6114,17.8243,9.7838,1.4175,5.9816,117.4051,18.7457,0.4308,24.7172,15.8239,5.9715,6.8174,189.8863,12.4726,1.0334,10.7459,4.4126,-1.7267,4.5602,52.951,15.84,8.16,24.5502,71.4498,174.1619
-47.0,-70.0,718.0,4.7,0.3994,6.8,4.3292,2.1,1.729,51.95,39.6932,0.2204,88.3422,67.5744,48.649,14.8956,810.8932,0.6232,0.0534,4.5962,4.3638,3.973,0.2331,52.366,20.1336,0.3445,28.4377,18.2279,8.3041,6.2793,218.7349,15.3565,0.9098,13.608,6.1709,-1.7485,5.614,74.0504,18.411,0.5521,20.914,12.2547,2.503,6.7654,147.0569,10.9999,5.5597,6.096,0.704,-4.9039,3.9142,8.4484,15.6961,8.3039,23.5502,70.4498,180.6766
-47.0,-69.0,564.0,3.55,0.3112,5.95,4.1917,2.4,1.3045,50.3,43.4704,0.2622,83.9755,61.302,40.5051,16.076,735.6234,0.6232,0.0534,4.5962,4.3638,3.973,0.2331,52.366,18.3538,0.3043,26.603,18.0681,8.2492,5.4974,216.8169,16.6453,0.7067,16.7211,8.5697,0.0758,6.0566,102.8366,19.3006,0.4708,24.093,14.9124,4.7924,7.0213,178.9491,12.0982,1.5005,9.036,2.9152,-3.0622,4.3741,34.9819,15.6961,8.3039,23.5502,70.4498,180.6766
-47.0,-68.0,100.0,3.25,0.2739,5.9,4.0833,2.65,1.1183,49.0,43.3147,0.2682,82.1306,59.2442,38.8159,15.8899,710.9308,0.7509,0.0587,4.8293,4.5271,4.0784,0.2659,54.3252,19.6935,0.2943,29.0224,19.2953,9.3289,5.6791,231.544,16.9871,0.6381,17.9554,9.654,0.9683,6.16,115.848,19.3337,0.4338,25.3345,16.1424,6.0008,7.0032,193.709,12.6685,1.1872,10.3151,3.8672,-2.3534,4.591,46.4064,15.6961,8.3039,23.5502,70.4498,175.9414
-47.0,-67.0,125.0,2.55,0.2131,5.65,4.2583,3.1,0.9073,51.1,36.7943,0.21,83.1921,63.8083,46.3978,13.4016,765.6991,0.7509,0.0587,4.8293,4.5271,4.0784,0.2659,54.3252,25.2813,0.3606,37.1407,22.8884,11.8594,8.253,274.6605,14.8243,0.5171,17.6833,10.3578,2.859,5.3558,124.2933,16.587,0.3887,23.4708,15.4165,6.8838,5.9919,184.9985,11.9261,0.7539,11.7896,5.7558,-0.1365,4.339,69.0694,15.6961,8.3039,23.5502,70.4498,175.9414
-46.0,-70.0,766.0,5.85,0.3661,9.2,5.7875,3.35,2.119,69.45,37.4511,0.2093,87.1475,67.3342,49.6964,14.0951,808.0104,0.9734,0.079,4.683,4.3324,3.7096,0.3422,51.9892,28.6419,0.403,40.5455,23.6401,11.9036,9.5265,283.6809,15.0572,0.7061,15.0693,7.7885,0.0121,5.4992,93.4614,17.9691,0.4711,22.4435,13.9582,4.4744,6.5762,167.4984,10.785,1.6511,7.7285,2.3533,-3.0565,3.8855,28.2401,15.5588,8.4412,22.5502,69.4498,184.1779
-46.0,-69.0,369.0,4.25,0.3676,5.9,3.9208,1.65,1.4413,47.05,41.2399,0.2431,85.1775,63.2058,43.9376,15.3625,758.4701,0.9734,0.079,4.683,4.3324,3.7096,0.3422,51.9892,23.101,0.377,31.9347,20.2298,8.8337,7.6263,242.7572,16.204,0.6658,16.7075,8.8432,0.5035,5.8879,106.1185,18.8611,0.4547,24.0535,15.1056,5.1924,6.8688,181.2668,11.8554,1.3292,9.1523,3.2299,-2.7031,4.2933,38.7591,15.5588,8.4412,22.5502,69.4498,184.1779
-45.0,-71.0,893.0,7.5,0.2096,15.35,11.8,7.85,2.4731,141.6,20.102,0.0937,92.9967,82.1243,72.8947,7.6929,985.4911,1.3574,0.1171,4.7238,4.1951,3.3664,0.4912,50.3406,64.9743,0.3135,109.8555,65.2473,44.8812,20.4571,782.9678,11.8639,0.9604,10.2299,4.3684,-1.634,4.1953,52.4212,15.01,0.5945,16.3927,9.0291,1.3827,5.3677,108.3495,8.9974,10.5225,4.6136,0.2891,-4.3838,3.0424,3.4696,15.4276,8.5724,21.5502,68.4498,189.5032
-51.0,-71.0,230.0,3.35,0.131,9.3,7.9,5.95,1.0351,94.8,26.1253,0.1353,89.012,74.5605,62.8867,10.0872,894.7266,0.6629,0.0391,5.497,5.0896,4.8341,0.1988,61.0753,13.2799,0.134,37.1527,31.3752,23.8728,4.2056,376.5023,11.4657,0.833,10.4196,5.0955,-1.0461,4.2446,61.1456,13.9784,0.5203,16.0984,9.8942,2.12,5.1479,118.7305,8.2521,3.7566,4.6626,0.8014,-3.5895,3.0106,9.6171,16.3185,7.6815,27.5502,74.4498,155.9089
-45.0,-70.0,607.0,7.5,0.2879,13.05,8.6708,5.55,2.4966,104.05,33.5184,0.1752,89.1163,71.5997,55.5979,12.5414,859.1966,1.1244,0.0947,4.7222,4.31,3.5978,0.4082,51.7198,48.0232,0.3747,72.7315,40.5397,24.7083,15.1908,486.4762,14.5845,0.7014,14.6653,7.5181,0.0808,5.2732,90.2168,17.9047,0.47,22.3461,13.7368,4.4414,6.4561,164.8412,10.2525,1.7928,7.2032,2.0176,-3.0493,3.6172,24.2116,15.4276,8.5724,21.5502,68.4498,186.9358
-45.0,-69.0,383.0,4.2,0.3758,5.95,3.875,1.75,1.4561,46.5,38.2802,0.2249,83.985,63.5042,45.7048,14.2811,762.0498,1.0992,0.0941,4.6468,4.2363,3.5476,0.3987,50.8352,25.2923,0.3867,35.3537,21.9767,10.0614,8.4989,263.7202,15.9047,0.627,16.9674,9.2329,1.0627,5.7892,110.7943,18.3982,0.4303,24.39,15.6362,5.9918,6.7279,187.6349,11.7348,1.2292,9.3109,3.4579,-2.4239,4.2503,41.4943,15.4276,8.5724,21.5502,68.4498,187.1744
-45.0,-66.0,0.0,3.05,0.2759,5.2,3.6958,2.15,1.0197,44.35,29.1873,0.1699,77.8126,62.7979,48.6253,10.672,753.575,1.6292,0.1298,4.9029,4.1476,3.2737,0.5384,49.7709,25.2691,0.398,34.5906,21.2693,9.3215,8.4656,255.2317,13.4975,0.4034,18.8949,12.1492,5.3974,4.9014,145.7901,14.8439,0.3287,23.6942,16.3756,8.8503,5.3821,196.5071,11.2211,0.4942,14.0302,8.3107,2.8091,4.1075,99.7284,15.4276,8.5724,21.5502,68.4498,184.8025
-44.0,-71.0,782.0,9.4,0.2429,16.5,11.1917,7.1,2.7188,134.3,18.7261,0.0832,93.7954,83.5305,75.0693,6.9495,1002.3661,1.7162,0.1454,4.9387,4.2417,3.2225,0.6166,50.9002,88.4812,0.3399,140.8143,79.9438,52.3331,27.1729,959.3253,11.8144,0.8594,10.6581,4.8608,-1.1563,4.1772,58.3299,15.1522,0.554,16.9963,9.6936,1.8441,5.3702,116.3233,8.7909,4.283,4.9647,0.7009,-3.8262,3.0019,8.4106,15.3019,8.6981,20.5502,67.4498,191.311
-44.0,-70.0,551.0,8.1,0.3041,13.7,8.8208,5.6,2.6826,105.85,30.6688,0.1495,92.1987,76.3173,61.5299,11.4126,915.8073,1.4604,0.1271,4.7365,4.1901,3.2761,0.5326,50.2811,68.5621,0.4174,96.1815,51.1643,27.6194,21.3583,613.9718,13.8194,0.8585,12.6792,5.8061,-1.1402,4.9845,69.6728,17.9841,0.5679,20.2219,11.4401,2.2378,6.497,137.2808,9.5292,3.5565,5.6837,0.9334,-3.8455,3.3195,11.2003,15.3019,8.6981,20.5502,67.4498,192.3915
-44.0,-69.0,397.0,6.75,0.323,10.95,6.95,4.2,2.2449,83.4,39.5963,0.2312,84.6939,63.6465,45.0976,14.7135,763.7581,1.3758,0.1151,4.6869,4.1592,3.3111,0.4786,49.9107,40.3783,0.4354,55.6518,30.0806,15.2735,13.0985,360.9675,16.4077,0.6238,17.6013,9.56,1.1936,5.9634,114.7205,19.12,0.4295,25.3826,16.2224,6.2626,6.9675,194.6691,11.8234,1.1979,9.5572,3.5986,-2.2662,4.3109,43.1831,15.3019,8.6981,20.5502,67.4498,191.6648
-44.0,-68.0,461.0,4.35,0.3478,7.05,4.5708,2.7,1.5898,54.85,41.5523,0.2545,82.4033,60.2796,40.851,15.3434,723.355,1.5097,0.1253,4.5888,3.9994,3.0791,0.5011,47.9929,25.2928,0.4076,35.1105,20.9267,9.8177,8.5288,251.12,17.0847,0.5917,18.8596,10.4671,1.7749,6.1932,125.6055,19.3461,0.4085,26.5208,17.2162,7.1747,7.0333,206.5948,12.7674,1.0602,10.8322,4.3691,-1.9352,4.6322,52.4292,15.3019,8.6981,20.5502,67.4498,192.4785
-44.0,-67.0,503.0,2.65,0.2364,4.75,3.525,2.1,0.8333,42.3,42.8189,0.2744,79.743,57.3783,36.9241,15.7421,688.5399,1.4995,0.1259,4.4785,3.8787,2.979,0.4881,46.5441,21.5104,0.3846,30.3892,18.4721,8.8788,7.1036,221.6649,17.663,0.5578,20.2256,11.471,2.5626,6.3983,137.6516,19.4721,0.3903,27.6474,18.1965,8.1753,7.1028,218.3586,13.7758,0.9112,12.4762,5.4573,-1.2996,4.9729,65.488,15.3019,8.6981,20.5502,67.4498,191.7393
-44.0,-66.0,21.0,2.3,0.2251,4.45,3.3792,2.15,0.7608,40.55,42.1392,0.2692,79.2995,57.5137,37.1603,15.4843,690.1644,1.6988,0.1467,4.7034,3.8975,3.0046,0.5719,46.7705,24.4239,0.4234,33.844,19.1962,9.4201,8.1268,230.3542,17.4433,0.5496,20.1978,11.4981,2.7545,6.3191,137.9768,19.3522,0.3915,27.5495,18.0956,8.1973,7.0845,217.1475,13.4999,0.8665,12.5221,5.6228,-0.9778,4.8721,67.4738,15.3019,8.6981,20.5502,67.4498,190.5684
-43.0,-70.0,1094.0,8.5,0.3475,13.1,7.8375,4.6,2.7239,94.05,36.0247,0.1822,90.5981,72.4961,54.5734,13.2088,869.9531,1.9852,0.1766,4.8572,4.0218,2.872,0.7102,48.262,74.1862,0.4937,97.3829,49.4353,23.1967,24.4064,593.2241,15.1679,0.7611,14.7989,7.2118,-0.369,5.489,86.542,19.2253,0.5155,22.9033,13.4528,3.678,6.9349,161.4335,10.5351,2.1206,7.1713,1.7552,-3.3638,3.7222,21.0629,15.1813,8.8187,19.5502,66.4498,199.3429
-50.0,-71.0,236.0,3.25,0.1453,8.4,6.7083,5.15,0.9744,80.5,30.9873,0.1595,90.1577,73.1029,59.1704,11.6623,877.2347,0.7024,0.0382,5.2307,4.8568,4.5283,0.1855,58.2812,13.5452,0.1379,34.5315,26.8369,20.9863,3.7021,322.0426,12.9886,1.0851,10.3426,4.3623,-2.646,4.7334,52.3475,15.4978,0.6048,16.3039,9.3908,0.8061,5.6797,112.6901,9.9334,-18.1544,4.2823,-0.1929,-5.6511,3.5014,-2.3144,16.1504,7.8496,26.5502,73.4498,164.4846
-43.0,-69.0,443.0,7.95,0.3748,11.95,6.6667,4.0,2.4984,80.0,36.5784,0.2056,84.4278,65.3592,47.8494,13.4354,784.3105,1.8947,0.1584,4.9533,4.1498,3.0586,0.6575,49.7973,43.8662,0.456,58.3189,30.9959,14.4527,14.1347,371.9502,15.4401,0.6846,15.9202,8.1771,0.4801,5.5984,98.125,18.7943,0.4713,23.6549,14.4835,4.8606,6.8263,173.8026,10.7021,1.5045,8.0578,2.563,-2.6443,3.856,30.7555,15.1813,8.8187,19.5502,66.4498,197.3869
-43.0,-68.0,369.0,6.7,0.3685,10.1,5.6458,3.4,2.0804,67.75,35.2372,0.2167,77.9587,59.54,42.7215,12.9042,714.48,1.5814,0.1388,4.6933,4.0801,3.1119,0.5662,48.9607,30.095,0.418,41.1312,23.4604,11.0362,9.8057,281.525,15.618,0.6026,17.2578,9.3998,1.6398,5.6642,112.7975,18.6701,0.4296,24.9614,15.8048,6.2913,6.7895,189.6572,10.9622,1.0828,9.2821,3.681,-1.6801,3.9856,44.1721,15.1813,8.8187,19.5502,66.4498,194.455
-43.0,-67.0,274.0,2.1,0.2631,4.25,3.1083,2.15,0.8179,37.3,37.3902,0.2721,69.5933,50.0903,32.2031,13.6288,601.0832,1.7206,0.152,4.6636,3.9451,2.943,0.5998,47.3407,30.0489,0.4592,39.4901,18.4707,9.4412,8.4818,221.648,17.7173,0.4652,22.628,13.7566,4.9107,6.3989,165.0786,19.4433,0.3411,30.2777,20.7219,10.8344,7.0685,248.663,14.1577,0.6753,14.7347,7.5513,0.577,5.0991,90.6154,15.1813,8.8187,19.5502,66.4498,192.6667
-42.0,-70.0,1054.0,9.15,0.4471,13.15,7.3833,4.0,3.3013,88.6,36.6994,0.1916,88.4313,70.0286,51.7319,13.4172,840.3427,2.3811,0.2152,4.9928,3.9479,2.6117,0.8495,47.3745,70.6307,0.5671,89.0016,43.0151,18.3709,24.3944,516.1813,15.1847,0.7584,14.9472,7.2707,-0.2375,5.5141,87.2479,19.2807,0.5117,23.1415,13.655,3.8608,6.9868,163.8604,10.4943,2.2383,7.1407,1.6601,-3.3536,3.7158,19.9212,15.0653,8.9347,18.5502,65.4498,203.3287
-42.0,-68.0,630.0,2.9,0.3507,4.3,2.6917,1.4,0.9441,32.3,40.5258,0.2344,83.7531,63.4731,43.2273,14.8753,761.6772,1.8884,0.1791,4.6528,3.8723,2.7644,0.6935,46.4682,14.8112,0.2997,23.6914,16.1122,8.8802,4.8294,193.3468,16.357,0.8654,15.2592,6.8592,-1.0978,5.9362,82.3101,20.0598,0.541,23.3994,13.4866,3.3396,7.2964,161.8388,10.9779,4.0003,6.6999,0.9884,-4.278,3.9538,11.8606,15.0653,8.9347,18.5502,65.4498,202.7463
-42.0,-67.0,70.0,2.1,0.1584,4.65,3.5542,2.55,0.5631,42.65,38.5556,0.2659,72.4352,52.8144,33.8796,14.0441,633.7726,1.725,0.1677,4.5688,3.8367,2.8438,0.6435,46.0404,18.0303,0.3012,27.1209,17.3687,9.0906,5.2306,208.4247,17.5658,0.5692,20.1043,11.1329,2.5385,6.3365,133.5952,19.9248,0.3952,28.1805,18.2323,8.2557,7.2055,218.7879,13.064,0.9597,11.7442,4.9206,-1.3198,4.7223,59.0467,15.0653,8.9347,18.5502,65.4498,198.7932
-42.0,-66.0,163.0,2.05,0.1623,4.25,3.4583,2.2,0.5612,41.5,36.7788,0.2616,70.0771,51.3195,33.2983,13.4265,615.8344,1.967,0.1925,4.6584,3.7748,2.6914,0.7268,45.2976,23.4482,0.3375,33.0595,19.5261,9.6113,6.5906,234.3127,17.5124,0.5113,21.2696,12.3637,3.7572,6.3212,148.364,19.6614,0.3676,29.265,19.4071,9.6036,7.1334,232.8857,13.4316,0.7745,13.1919,6.2534,-0.2397,4.8436,75.041,15.0653,8.9347,18.5502,65.4498,197.8095
-41.0,-70.0,891.0,9.05,0.5173,12.0,6.3958,2.95,3.3086,76.75,38.3651,0.204,88.62,69.5699,50.2549,14.1921,834.839,2.4958,0.2478,4.7189,3.6865,2.2231,0.9137,44.2383,64.3282,0.5864,79.5527,38.0265,15.2245,22.3005,456.3177,15.8211,0.7819,15.4974,7.359,-0.3237,5.7541,88.3084,19.9425,0.518,23.9377,14.0044,3.9952,7.2546,168.0532,10.5825,2.4235,7.165,1.5629,-3.4175,3.7878,18.7549,14.9536,9.0464,17.5502,64.4498,209.2247
-41.0,-67.0,513.0,1.6,0.1657,4.15,3.3167,2.55,0.5495,39.8,40.0154,0.2818,72.3245,52.1837,32.3091,14.7055,626.2041,2.256,0.2194,4.6811,3.6479,2.4251,0.8003,43.7743,16.4389,0.2663,26.2527,18.6037,9.8138,4.9535,223.2447,18.3603,0.5653,21.1016,11.6916,2.7413,6.6097,140.299,20.6044,0.3948,29.1218,18.7749,8.5174,7.4122,225.2988,13.6883,0.9133,12.5454,5.4072,-1.1429,4.9382,64.8862,14.9536,9.0464,17.5502,64.4498,203.8971
-41.0,-66.0,429.0,1.85,0.1685,4.15,3.1417,2.3,0.5295,37.7,37.378,0.2765,68.8204,50.0514,31.4424,13.8392,600.6166,2.1025,0.211,4.6155,3.6642,2.513,0.7731,43.9703,20.0506,0.2879,30.8813,20.7668,10.8307,5.9785,249.2021,18.4898,0.4996,22.7673,13.3364,4.2775,6.663,160.0372,20.4488,0.3597,30.8194,20.5048,10.3706,7.3763,246.0576,14.2129,0.7327,14.3367,6.9936,0.1238,5.1245,83.9233,14.9536,9.0464,17.5502,64.4498,202.3301
-50.0,-70.0,233.0,2.25,0.1145,7.1,5.9458,4.85,0.6807,71.35,36.9115,0.2037,88.4337,68.1789,51.5222,13.886,818.1472,0.8471,0.0554,5.5514,5.0306,4.7043,0.2788,60.3675,16.7009,0.1627,37.2944,26.7372,20.5935,4.3506,320.846,14.2222,0.8351,12.9617,6.2657,-1.2605,5.2326,75.1883,17.0665,0.5298,19.4556,11.8684,2.3891,6.2873,142.4204,10.3215,3.107,6.1728,1.2052,-4.1487,3.7446,14.4622,16.1504,7.8496,26.5502,73.4498,159.5066
-41.0,-64.0,0.0,1.65,0.1321,4.75,4.1208,3.1,0.5442,49.45,27.7509,0.1709,74.2143,60.1843,46.4634,10.2863,722.2115,2.0021,0.1916,4.6284,3.7891,2.6263,0.7259,45.4688,22.3018,0.259,41.3332,28.7077,19.0314,7.4367,344.4924,14.9421,0.3736,22.0443,14.511,7.1022,5.4212,174.1321,16.6239,0.3066,27.9608,19.7073,11.3369,6.0422,236.4872,12.1797,0.4583,15.9371,9.697,3.7574,4.4437,116.3639,14.9536,9.0464,17.5502,64.4498,200.4409
-40.0,-71.0,1288.0,12.8,0.4404,17.3,10.6042,4.5,4.6705,127.25,22.783,0.1074,90.082,77.7847,67.299,8.3579,933.4162,2.7885,0.2928,4.865,3.6646,2.0765,1.0732,43.9754,132.532,0.6204,160.5414,74.1848,28.0094,46.0207,890.218,13.1414,0.7277,13.2084,6.57,0.067,4.7809,78.8401,16.7485,0.4816,20.8864,12.7554,4.1379,6.1431,153.0646,9.0359,2.2271,6.1142,1.4511,-2.9217,3.2317,17.4126,14.8459,9.1541,16.5502,63.4498,210.5579
-40.0,-70.0,1048.0,10.3,0.4848,14.0,8.0042,3.7,3.8803,96.05,34.471,0.1997,82.4381,64.7077,47.9671,12.9199,776.4919,2.7507,0.2767,4.8123,3.5608,2.0616,0.9851,42.729,84.4366,0.6158,103.9107,48.0736,19.4741,29.606,576.8834,16.528,0.583,18.731,10.3482,2.203,6.0325,124.1789,19.6428,0.4081,27.3467,17.5956,7.7039,7.1804,211.1474,11.8486,1.0705,10.228,4.0662,-1.6206,4.353,48.7943,14.8459,9.1541,16.5502,63.4498,212.0186
-40.0,-69.0,1171.0,3.15,0.3469,5.05,3.2375,1.9,1.1229,38.85,40.5244,0.2581,78.151,57.657,37.6266,14.8785,691.8845,2.6811,0.2685,4.7459,3.5355,2.0648,0.9492,42.4265,19.7433,0.3325,29.817,19.6266,10.0737,6.5267,235.5194,17.6352,0.6059,19.5785,10.5329,1.9433,6.3814,126.3953,20.1243,0.4156,27.5675,17.4792,7.4432,7.265,209.7509,12.8684,1.1259,10.9154,4.1802,-1.953,4.7062,50.1619,14.8459,9.1541,16.5502,63.4498,212.7192
-40.0,-68.0,933.0,2.75,0.3015,4.45,2.9125,1.7,0.878,34.95,40.2147,0.2737,74.1095,53.789,33.8948,14.7217,645.4685,2.5469,0.2547,4.693,3.5534,2.1461,0.9051,42.6406,18.0017,0.3396,27.8876,18.6239,9.8859,6.3251,223.4873,18.1498,0.5584,21.0292,11.7122,2.8794,6.5399,140.5468,20.3761,0.3889,29.1425,18.8749,8.7664,7.3406,226.4987,13.5113,0.9364,12.2882,5.2293,-1.2231,4.8969,62.752,14.8459,9.1541,16.5502,63.4498,209.8005
-40.0,-67.0,824.0,2.25,0.2084,4.7,3.2583,2.45,0.6792,39.1,40.6499,0.3097,69.5328,48.6639,28.8829,15.0718,583.9665,2.4455,0.2438,4.6955,3.5784,2.25,0.8725,42.9413,16.9227,0.2918,28.3982,19.6478,11.4755,5.7337,235.774,19.705,0.4761,24.9167,14.9235,5.2117,7.1052,179.0821,21.009,0.3378,33.0038,22.4708,11.9948,7.5899,269.6499,15.9593,0.7055,16.3639,8.1356,0.4046,5.7396,97.6267,14.8459,9.1541,16.5502,63.4498,206.9489
-40.0,-66.0,361.0,2.2,0.2263,4.45,3.1125,2.25,0.7042,37.35,39.6984,0.299,69.3302,49.2018,29.6318,14.7134,590.4212,2.2237,0.2284,4.6041,3.6133,2.3804,0.8252,43.3596,21.0197,0.2944,32.6506,21.1873,11.6309,6.238,254.248,19.6283,0.4685,25.0481,15.0942,5.4198,7.071,181.1301,21.0098,0.3369,33.048,22.508,12.0382,7.5837,270.0961,16.0352,0.6873,16.6369,8.3702,0.6017,5.7532,100.4421,14.8459,9.1541,16.5502,63.4498,205.6748
-40.0,-64.0,23.0,3.4,0.1865,6.5,4.7625,3.1,0.8881,57.15,35.5909,0.2399,72.5739,54.7554,36.983,13.1353,657.0646,1.9683,0.1925,4.598,3.7695,2.6297,0.7258,45.2343,22.582,0.2619,43.1368,29.8733,20.5548,7.8241,358.4796,18.5266,0.4353,24.7386,15.358,6.212,6.6852,184.2959,20.2895,0.3287,32.5913,22.4391,12.3018,7.3747,269.2697,14.7456,0.5929,16.53,8.9635,1.7844,5.3147,107.5617,14.8459,9.1541,16.5502,63.4498,201.7235
-39.0,-71.0,1039.0,12.55,0.4305,17.1,10.6958,4.55,4.6051,128.35,21.7317,0.0985,88.9762,77.9547,67.2445,7.6769,935.4566,3.0268,0.3205,4.93,3.5827,1.9032,1.1481,42.9918,144.5395,0.5876,171.4656,80.4899,26.9261,47.2946,965.8788,12.9757,0.7764,12.5485,6.0539,-0.4272,4.7,72.647,16.5912,0.5059,19.8549,11.8348,3.2637,5.9871,142.0178,9.3386,3.0695,5.7986,1.071,-3.54,3.2874,12.8517,14.7419,9.2581,15.5502,62.4498,214.1127
-39.0,-70.0,602.0,11.65,0.4442,16.1,9.6875,4.45,4.3032,116.25,30.9188,0.1813,78.4398,62.6225,47.521,11.354,751.4697,2.6061,0.2857,4.5192,3.3565,1.9131,0.9589,40.2779,87.2686,0.5356,111.3542,55.1854,24.0856,29.5585,662.2246,16.0729,0.605,17.779,9.6073,1.7061,5.8126,115.2879,19.1925,0.4124,26.3391,16.8547,7.1466,6.9512,202.2559,11.4024,1.2551,9.1956,3.3081,-2.2068,4.1518,39.6969,14.7419,9.2581,15.5502,62.4498,216.9775
-50.0,-69.0,0.0,2.0,0.1179,6.2,5.4208,4.2,0.6391,65.05,39.2268,0.2235,87.1387,65.4369,47.9119,14.6241,785.243,0.8471,0.0554,5.5514,5.0306,4.7043,0.2788,60.3675,17.3658,0.1813,37.2895,25.913,19.9237,4.6968,310.9563,14.733,0.6641,15.0951,8.1493,0.3621,5.4121,97.7912,17.2908,0.4613,21.4123,13.7099,4.1215,6.3247,164.5192,10.9798,1.2873,8.5208,3.1339,-2.459,4.0343,37.6068,16.1504,7.8496,26.5502,73.4498,159.5066
-39.0,-67.0,203.0,1.95,0.2253,3.9,2.6667,1.95,0.6009,32.0,38.8535,0.2964,68.3828,48.6842,29.5293,14.432,584.2098,2.5289,0.264,4.6802,3.5208,2.1513,0.9294,42.249,21.4864,0.3798,33.0384,19.9104,11.552,7.5621,238.9246,19.4905,0.4597,25.2759,15.3618,5.7854,7.062,184.342,20.8193,0.3327,33.1978,22.7537,12.3785,7.5692,273.0442,15.9815,0.6691,16.9068,8.6202,0.9253,5.7678,103.442,14.7419,9.2581,15.5502,62.4498,210.0308
-39.0,-66.0,197.0,1.95,0.1881,4.2,3.0208,2.25,0.5683,36.25,39.164,0.2993,68.7004,48.8779,29.5364,14.6312,586.5349,2.2874,0.2409,4.6186,3.6013,2.3312,0.8677,43.2156,18.0826,0.3238,31.2512,20.1225,13.1686,6.5164,241.47,19.6842,0.455,25.6662,15.667,5.982,7.1285,188.0042,20.9655,0.3299,33.5637,23.0599,12.5982,7.6066,276.7187,16.2128,0.6551,17.3222,8.9224,1.1094,5.8455,107.0692,14.7419,9.2581,15.5502,62.4498,208.8365
-39.0,-65.0,115.0,3.9,0.2342,7.2,5.0833,3.3,1.1907,61.0,36.4461,0.2678,68.888,50.6595,32.4419,13.568,607.9142,1.9852,0.2091,4.5401,3.6995,2.5549,0.7734,44.3942,18.6449,0.2649,35.9479,26.4123,17.303,6.9969,316.947,19.307,0.4427,25.5024,15.7202,6.1954,6.96,188.6418,20.6226,0.3248,33.3173,22.9952,12.6947,7.4677,275.9426,15.7901,0.6211,17.2589,9.1053,1.4688,5.6553,109.2639,14.7419,9.2581,15.5502,62.4498,205.3357
-39.0,-64.0,67.0,4.8,0.2368,8.4,5.7708,3.6,1.3664,69.25,35.4426,0.2291,73.6608,56.8265,38.2182,13.0187,681.9183,1.9377,0.1937,4.7199,3.8494,2.7822,0.7455,46.1923,44.4263,0.3227,64.3038,42.0449,19.8775,13.5682,504.5389,19.1012,0.4395,25.3647,15.6008,6.2635,6.8566,187.21,20.7598,0.3252,33.5434,23.0364,12.7836,7.4925,276.437,15.3559,0.6086,16.9923,9.0135,1.6364,5.4856,108.1617,14.7419,9.2581,15.5502,62.4498,202.8584
-38.0,-71.0,1388.0,12.4,0.4853,15.95,9.3375,3.55,4.5312,112.05,26.554,0.1321,85.3398,72.125,58.7858,9.5309,865.4999,3.2835,0.3748,4.9703,3.4419,1.6868,1.2901,41.3024,121.0814,0.601,141.775,64.9965,20.6936,39.0617,779.958,13.6585,0.7869,13.2606,6.2699,-0.3979,4.9341,75.2391,17.7664,0.5044,21.4704,12.8056,3.704,6.4587,153.6669,9.4332,4.2348,5.6953,0.7823,-3.7379,3.3129,9.3875,14.6413,9.3587,14.5502,61.4498,221.6044
-38.0,-70.0,1085.0,10.25,0.451,13.8,8.1167,3.55,3.6606,97.4,30.6003,0.2007,71.4401,55.8828,40.8398,11.2164,670.5942,2.4726,0.286,4.4066,3.316,1.934,0.9482,39.7923,59.5633,0.4914,78.4893,41.2812,18.926,20.2873,495.3744,16.8465,0.5389,19.8917,11.2844,3.0452,6.0816,135.4127,19.6265,0.3657,28.9769,19.2978,9.3504,7.0581,231.5731,12.2574,1.0081,10.8684,4.424,-1.389,4.4598,53.0875,14.6413,9.3587,14.5502,61.4498,220.894
-38.0,-69.0,411.0,2.35,0.2592,3.85,2.4667,1.5,0.6394,29.6,32.9767,0.2496,65.8917,49.2696,32.915,12.2981,591.2355,2.4631,0.2824,4.49,3.3848,2.0269,0.956,40.6171,21.8027,0.393,33.4449,20.2027,11.6422,7.9389,242.4328,18.338,0.4664,23.6481,14.281,5.3101,6.6603,171.3715,19.9662,0.3292,32.0454,22.0462,12.0792,7.258,264.5545,14.6332,0.7229,14.977,7.3419,0.3438,5.3072,88.1029,14.6413,9.3587,14.5502,61.4498,217.3795
-38.0,-67.0,342.0,2.85,0.2051,4.75,3.5,1.9,0.718,42.0,36.4334,0.2753,67.3577,48.9805,30.9243,13.4841,587.7659,2.4747,0.2693,4.6776,3.511,2.2029,0.9456,42.1315,25.7228,0.3212,36.0176,22.5207,10.2948,7.2339,270.2488,19.3567,0.4442,25.6243,15.7991,6.2676,7.0176,189.5897,20.5947,0.322,33.4611,23.1777,12.8664,7.4634,278.1323,15.9652,0.6353,17.3836,9.0931,1.4184,5.7772,109.1167,14.6413,9.3587,14.5502,61.4498,211.6989
-38.0,-66.0,213.0,3.75,0.2489,6.45,4.825,2.7,1.201,57.9,35.368,0.2603,67.7271,50.1516,32.3591,13.0543,601.8197,2.1429,0.2276,4.6133,3.6315,2.4704,0.8265,43.5783,30.7221,0.3225,43.4803,27.7697,12.7582,8.9553,333.2367,19.2637,0.4377,25.6612,15.8935,6.3975,6.9559,190.7221,20.476,0.317,33.5478,23.3141,13.0718,7.3915,279.7695,15.969,0.6242,17.4633,9.1909,1.4943,5.7372,110.2907,14.6413,9.3587,14.5502,61.4498,209.0682
-38.0,-65.0,170.0,5.4,0.3435,8.4,5.9625,3.0,2.0482,71.55,32.9861,0.2258,70.0666,53.8817,37.0805,12.1683,646.5805,1.9072,0.1997,4.6773,3.7421,2.7701,0.7474,44.9053,53.2667,0.4559,67.2482,45.5029,13.9815,20.7468,546.035,18.6558,0.4342,24.9169,15.4341,6.2611,6.7021,185.2096,20.004,0.3184,32.686,22.6397,12.682,7.2094,271.6767,15.238,0.6067,16.8719,8.9688,1.6339,5.4411,107.6252,14.6413,9.3587,14.5502,61.4498,205.4693
-49.0,-72.0,717.0,5.3,0.1956,10.85,8.1583,5.55,1.5961,97.9,24.191,0.1197,89.441,76.8171,65.25,9.1959,921.8052,0.5327,0.0344,5.1866,4.9225,4.6539,0.1693,59.0697,22.5607,0.1925,45.5284,33.2042,22.9677,6.391,398.4506,11.9296,1.4619,8.6424,2.9461,-3.2872,4.3068,35.3529,14.4231,0.7094,14.3752,7.3865,-0.0479,5.2397,88.6383,9.4055,-2.9883,3.1444,-1.1078,-6.2611,3.3106,-13.294,15.9911,8.0089,25.5502,72.4498,165.621
-38.0,-64.0,80.0,6.05,0.3225,9.5,6.6333,3.45,2.139,79.6,32.088,0.2007,73.3528,58.4481,41.2648,11.7333,701.3775,1.7378,0.1843,4.7482,3.8597,3.0104,0.7112,46.3163,66.5054,0.4322,83.5284,53.0864,17.023,22.9417,637.0373,18.5802,0.4278,25.0855,15.5644,6.5053,6.6589,186.7727,20.1435,0.318,32.9581,22.7223,12.8146,7.2249,272.6681,15.1314,0.5879,17.0976,9.2028,1.9662,5.4103,110.4337,14.6413,9.3587,14.5502,61.4498,204.1237
-37.0,-71.0,1912.0,11.0,0.5606,13.2,6.825,2.2,3.8263,81.9,30.4587,0.1782,77.5051,62.625,47.0464,11.1593,751.4994,3.5208,0.3903,5.173,3.6034,1.6522,1.4064,43.2412,76.2424,0.581,91.0693,43.6352,14.8269,25.3538,523.6227,14.609,0.6833,15.2992,7.6548,0.6902,5.2306,91.8577,18.2894,0.4523,23.6456,14.6081,5.3562,6.6071,175.2973,10.1349,1.9336,7.3158,1.8649,-2.8191,3.606,22.3792,14.5439,9.4561,13.5502,60.4498,220.7861
-37.0,-70.0,1150.0,5.25,0.3084,9.05,5.9833,3.8,1.8453,71.8,26.4704,0.1883,62.9381,49.7795,36.4677,9.374,597.3541,2.2205,0.271,4.391,3.347,2.1705,0.9071,40.1637,31.7335,0.3427,47.4503,29.1036,15.7168,9.9752,349.2437,16.0724,0.6635,17.0281,8.6593,0.9557,5.7453,103.9111,19.2181,0.4144,26.08,16.5816,6.8619,6.8718,198.9791,11.434,2.1105,8.1463,1.9349,-3.2877,4.0837,23.2191,14.5439,9.4561,13.5502,60.4498,225.3543
-37.0,-69.0,225.0,2.05,0.1428,5.3,4.0875,3.25,0.5835,49.05,26.0683,0.2071,58.9863,46.4405,32.918,9.6173,557.2859,2.0599,0.2372,4.3812,3.4094,2.3213,0.8087,40.9131,13.5386,0.1845,29.5579,21.5507,16.0193,3.9763,258.6078,17.3253,0.4681,22.3083,13.3662,4.983,6.2561,160.3943,18.6418,0.3128,30.8453,21.4656,12.2035,6.7154,257.5867,13.7521,0.7765,13.6308,6.3662,-0.1213,4.9434,76.3947,14.5439,9.4561,13.5502,60.4498,219.7822
-37.0,-68.0,310.0,2.05,0.151,5.6,4.2208,3.55,0.6373,50.65,28.4159,0.2251,60.8156,47.0063,32.3997,10.5832,564.0761,2.2865,0.2539,4.5626,3.4361,2.2761,0.8725,41.2335,13.2096,0.1912,29.8146,21.6645,16.605,4.142,259.9741,18.0268,0.4422,23.9868,14.7259,5.96,6.5114,176.7114,19.134,0.3068,32.0941,22.4643,12.9601,6.8922,269.5714,14.6759,0.6642,15.6481,7.9513,0.9722,5.2809,95.4159,14.5439,9.4561,13.5502,60.4498,216.4555
-37.0,-67.0,301.0,4.5,0.2722,7.75,5.7958,3.25,1.5776,69.55,32.3695,0.2388,66.611,50.307,34.2415,12.0137,603.6846,2.2478,0.251,4.6587,3.5264,2.4109,0.8852,42.3169,33.1947,0.3578,47.2658,32.6385,14.0711,11.6793,391.6616,19.1016,0.4211,26.0807,16.4079,6.9791,6.9098,196.8943,20.1235,0.3023,34.0355,24.0346,13.912,7.266,288.4156,15.9723,0.599,17.8922,9.6108,1.9199,5.7566,115.3291,14.5439,9.4561,13.5502,60.4498,213.0059
-37.0,-66.0,246.0,5.4,0.3247,8.05,5.7333,2.65,1.8616,68.8,31.2114,0.227,67.0512,51.306,35.8398,11.6477,615.6716,2.0696,0.2162,4.7095,3.6633,2.6399,0.7919,43.9601,51.3161,0.4582,63.2826,41.7942,11.9665,19.1495,501.5304,18.8728,0.4165,25.8738,16.3598,7.001,6.8146,196.3179,19.8716,0.3013,33.6462,23.7563,13.7746,7.1587,285.0754,15.845,0.5927,17.767,9.6157,1.922,5.6994,115.388,14.5439,9.4561,13.5502,60.4498,209.6266
-36.0,-68.0,679.0,3.6,0.2633,6.7,4.5292,3.1,1.1927,54.35,22.0893,0.1678,56.473,46.0578,34.3837,7.7288,552.694,1.9428,0.2161,4.4277,3.3477,2.4849,0.7235,40.1724,29.4573,0.2875,49.3734,29.0377,19.9161,8.3489,348.4527,16.7659,0.4179,23.1025,14.4831,6.3366,6.0531,173.7975,17.2736,0.2811,31.0227,22.2603,13.7491,6.2565,267.1241,13.846,0.6358,15.0563,7.8151,1.2103,4.9691,93.7813,14.4493,9.5507,12.5502,59.4498,219.6934
-36.0,-67.0,270.0,7.45,0.3918,10.0,6.3917,2.55,2.5044,76.7,28.8166,0.2022,66.6379,52.0829,37.8213,10.5293,624.9954,2.0104,0.2176,4.5301,3.4485,2.5197,0.7502,41.3823,57.5699,0.4777,68.9284,39.9392,11.3585,19.0803,479.27,18.6361,0.4043,26.0095,16.6599,7.3734,6.7354,199.9187,19.3315,0.2857,33.9819,24.4372,14.6504,6.9822,293.246,15.7824,0.5782,17.9533,9.8423,2.1709,5.6904,118.1074,14.4493,9.5507,12.5502,59.4498,214.0234
-36.0,-66.0,275.0,8.7,0.4333,11.0,6.7167,2.3,2.91,80.6,27.86,0.1939,66.4122,52.3551,38.5522,10.1502,628.2617,1.7301,0.1664,4.5692,3.6513,2.8391,0.6077,43.8157,69.3747,0.5156,79.8708,48.111,10.4961,24.8078,577.3315,18.3,0.3983,25.6715,16.5673,7.3715,6.5984,198.8073,18.8912,0.2844,33.1098,23.8494,14.2186,6.7829,286.1922,15.5957,0.5649,17.8873,9.9655,2.2916,5.6291,119.5863,14.4493,9.5507,12.5502,59.4498,209.6327
-49.0,-69.0,19.0,2.0,0.1527,5.85,4.7542,3.85,0.726,57.05,39.8582,0.2369,83.6992,61.8412,43.841,14.6531,742.0942,0.6861,0.0436,5.211,4.784,4.5249,0.2086,57.408,17.1412,0.2071,33.7229,23.5942,16.5817,4.8859,283.1308,15.2927,0.6829,15.4799,8.2046,0.1872,5.6028,98.4552,17.9196,0.4644,22.2541,14.1039,4.3345,6.5504,169.2471,11.276,1.415,8.4627,2.9034,-2.8133,4.1085,34.8412,15.9911,8.0089,25.5502,72.4498,167.5885
-35.0,-67.0,330.0,9.05,0.5288,10.8,6.15,1.75,3.2523,73.8,26.4089,0.1864,65.0403,51.2453,38.6314,9.5528,614.9437,1.6847,0.1518,4.4096,3.4242,2.7249,0.5198,41.0898,73.015,0.5933,81.7905,41.0971,8.7755,24.3839,493.1654,18.4085,0.3821,26.4411,17.4106,8.0326,6.6532,208.9272,18.476,0.2667,34.016,25.0613,15.54,6.6827,300.7358,16.0609,0.5458,18.6611,10.5986,2.6002,5.7843,127.183,14.3576,9.6424,11.5502,58.4498,215.0585
-35.0,-66.0,344.0,10.8,0.5303,12.6,7.1125,1.8,3.7717,85.35,24.6425,0.1651,66.7275,53.8606,42.085,8.8897,646.3266,1.4718,0.123,4.4916,3.6183,3.0198,0.445,43.4198,90.6136,0.6369,98.4153,51.2534,7.8017,32.6439,615.041,17.7879,0.3785,25.6324,16.9388,7.8445,6.4116,203.2651,17.7965,0.2626,32.9332,24.3658,15.1367,6.3992,292.3896,15.6143,0.5455,18.0954,10.3016,2.4811,5.6191,123.619,14.3576,9.6424,11.5502,58.4498,214.4074
-35.0,-65.0,303.0,10.25,0.5094,12.45,7.8792,2.2,4.0138,94.55,25.6497,0.1439,75.606,61.9923,49.9563,8.9219,743.9072,1.2681,0.1056,4.5207,3.7597,3.2526,0.3971,45.1168,96.5159,0.5986,106.3903,62.266,9.8744,37.273,747.1925,17.3081,0.3834,24.7961,16.3224,7.488,6.2587,195.8683,18.2307,0.2698,33.2219,24.3877,14.9912,6.5805,292.6522,14.6822,0.5568,16.8843,9.5543,2.2021,5.3199,114.6522,14.3576,9.6424,11.5502,58.4498,207.1237
-34.0,-60.0,46.0,6.55,0.3029,10.8,8.15,4.25,2.4683,97.8,19.6496,0.0956,80.8163,72.2867,61.1667,6.9077,867.4409,1.0325,0.0893,4.5994,4.0701,3.5669,0.3633,48.8412,113.9412,0.4174,144.5829,95.0503,30.6417,39.6777,1140.6042,15.7381,0.3318,24.8052,16.8872,9.0671,5.6029,202.6463,16.3535,0.2442,31.9247,23.679,15.5712,5.7831,284.1485,13.6747,0.4523,17.6882,10.786,4.0135,4.8785,129.4319,14.2683,9.7317,10.5502,57.4498,200.9597
-33.0,-70.0,2710.0,3.65,0.3793,5.75,3.3917,2.1,1.2866,40.7,22.385,0.1529,62.5493,49.0204,40.1643,7.4956,588.2454,2.2313,0.222,4.5831,3.5628,2.3518,0.7911,42.7539,49.9443,0.7994,57.2158,21.1644,7.2715,16.9179,253.9724,15.5817,-3.4155,5.7885,-1.6167,-9.7932,5.5218,-19.4001,17.5319,1.2468,13.51,5.0959,-4.0219,6.3537,61.1507,13.6536,-0.6944,-0.8395,-7.0035,-14.4931,4.8636,-84.0425,14.1815,9.8185,9.5502,56.4498,230.5711
-32.0,-70.0,4603.0,3.6,0.3336,5.3,3.4875,1.7,1.1633,41.85,13.1541,0.099,50.8697,43.4539,37.7156,4.3036,521.4463,1.6167,0.2037,3.6611,2.8831,2.0444,0.5872,34.5968,29.1269,0.5536,37.4487,17.58,8.3218,9.7321,210.9594,15.6452,3.7289,8.9653,1.4756,-6.6799,5.5025,17.7078,17.451,0.6778,17.6546,9.3306,0.2036,6.3243,111.967,13.0638,-0.8969,1.0469,-5.0033,-12.0169,4.4876,-60.0391,14.0969,9.9031,8.5502,55.4498,250.5307
-32.0,-67.0,530.0,11.9,0.7399,12.85,5.9708,0.95,4.4177,71.65,24.3046,0.1841,63.4099,50.4401,39.1053,9.2847,605.2806,1.5253,0.1486,4.1106,3.1521,2.5853,0.4683,37.8247,75.7416,0.8254,80.2038,35.1325,4.4622,28.9972,421.5898,17.7233,0.3261,28.1742,19.9284,10.4509,6.4978,239.1409,16.6324,0.2181,35.6806,27.9761,19.0482,6.1028,335.7127,16.4009,0.4677,20.5644,12.7959,4.1635,5.9842,153.5509,14.0969,9.9031,8.5502,55.4498,225.1462
-32.0,-59.0,62.0,5.05,0.1982,10.5,8.5542,5.45,1.6951,102.65,22.7888,0.107,83.9654,73.693,61.1766,7.8854,884.3158,1.0872,0.0821,4.5617,4.0366,3.4745,0.3315,48.4387,111.2348,0.3213,158.143,111.0646,46.9082,35.6902,1332.7751,15.3988,0.3009,26.0953,18.2221,10.6965,5.4838,218.6653,16.2324,0.2333,33.197,24.8694,16.9646,5.8027,298.4332,13.4469,0.3906,19.1251,12.2345,5.6782,4.7787,146.8139,14.0969,9.9031,8.5502,55.4498,201.206
-31.0,-70.0,4770.0,2.2,0.3756,3.05,2.075,0.85,0.7794,24.9,11.6852,0.1094,44.932,39.6945,33.2468,4.3427,476.3339,1.6739,0.2049,3.6819,2.8991,2.008,0.5941,34.7888,12.069,0.4422,15.8911,9.6585,3.8221,4.2706,115.9019,14.2762,2.1546,9.5469,2.3508,-4.7293,5.0651,28.2098,16.2048,0.5709,18.369,10.3918,2.1642,5.9324,124.7016,11.098,-0.858,1.1255,-4.4107,-9.9725,3.7842,-52.9283,14.0144,9.9856,7.5502,54.4498,254.1791
-31.0,-63.0,165.0,11.05,0.5753,12.7,7.5375,1.65,4.3365,90.45,19.3319,0.1121,75.8441,65.1656,56.5122,7.3079,781.9867,0.9943,0.0824,4.5744,4.0025,3.5801,0.3299,48.0304,125.3126,0.7074,134.9631,70.2896,9.6505,49.7247,843.4755,15.8009,0.2975,26.7405,19.2735,10.9396,5.7341,231.2821,15.1456,0.2098,33.6122,26.5243,18.4666,5.5642,318.2916,14.8055,0.4113,20.0824,12.9433,5.2769,5.323,155.3192,14.0144,9.9856,7.5502,54.4498,205.7963
-48.0,-72.0,1115.0,5.0,0.1866,11.25,8.6417,6.25,1.6121,103.7,22.4739,0.1087,92.4053,80.4078,69.9314,8.7436,964.8942,0.8394,0.0591,5.0185,4.6781,4.1791,0.2765,56.1368,22.493,0.2026,48.4272,36.2773,25.9342,7.3487,435.3273,12.006,1.9538,7.9951,2.2043,-4.0109,4.3067,26.4515,14.6526,0.7832,14.0179,6.8158,-0.6347,5.338,81.7901,9.574,-1.7239,2.4934,-1.9247,-7.0806,3.3181,-23.0969,15.84,8.16,24.5502,71.4498,174.0623
-31.0,-62.0,110.0,9.2,0.4726,11.95,7.8042,2.75,3.688,93.65,18.7022,0.1039,77.1297,66.8568,58.4275,6.9486,802.2812,0.9943,0.0852,4.4726,3.9773,3.4783,0.3388,47.7271,118.1697,0.6098,132.7181,80.9826,14.5484,49.3831,971.7912,15.5736,0.2925,26.6152,18.9995,11.0416,5.5579,227.9938,15.4195,0.2121,33.7121,26.1686,18.2926,5.5508,314.0234,14.2749,0.3981,19.7766,12.7467,5.5017,5.0741,152.9606,14.0144,9.9856,7.5502,54.4498,207.9521
-31.0,-59.0,56.0,5.3,0.2111,11.15,8.8542,5.85,1.8691,106.25,23.2199,0.1054,84.6965,73.9967,61.4766,7.7982,887.9606,1.1149,0.0789,4.5701,4.0596,3.4552,0.3204,48.715,118.8142,0.333,165.4277,119.0765,46.6135,39.6481,1428.9185,15.2173,0.2874,26.5997,18.8404,11.3824,5.4156,226.0851,15.9409,0.2236,33.7299,25.6214,17.789,5.7286,307.4566,13.4726,0.373,19.7438,12.8393,6.2712,4.7892,154.072,14.0144,9.9856,7.5502,54.4498,203.0284
-30.0,-65.0,730.0,11.75,0.6835,12.75,6.7333,1.0,4.6021,80.8,22.0161,0.1528,67.3377,55.6477,45.3216,8.5022,667.7722,1.3596,0.1029,4.8115,4.195,3.4519,0.4316,50.3402,108.5063,0.8033,114.3965,49.0057,5.8902,39.3649,588.069,15.9149,0.2697,28.8274,21.5967,12.9125,5.8241,259.1609,15.6563,0.206,35.2762,28.1358,19.6199,5.797,337.6294,14.8266,0.3447,22.3984,15.6479,7.5718,5.394,187.7743,13.9338,10.0662,6.5502,53.4498,205.7169
-30.0,-59.0,70.0,5.85,0.2214,11.65,9.25,5.8,2.0481,111.0,20.7521,0.0959,84.7271,73.8003,63.975,7.0747,885.6042,1.0032,0.0734,4.5947,4.0808,3.5915,0.2994,48.9694,119.3117,0.3711,164.388,116.0747,45.0763,43.0777,1392.896,14.4093,0.2652,26.6559,19.5292,12.2466,5.1786,234.35,15.4015,0.21,34.4223,26.9031,19.0208,5.6504,322.8373,12.801,0.3408,19.7954,13.406,6.9944,4.5686,160.8714,13.9338,10.0662,6.5502,53.4498,203.2205
-29.0,-69.0,2497.0,6.7,0.6979,7.6,3.4708,0.9,2.4223,41.65,30.9976,0.312,54.6727,36.8062,23.6751,11.4836,441.6748,1.0055,0.1397,3.0075,2.4741,2.002,0.3457,29.6892,56.393,0.8314,59.5629,23.6929,3.1699,19.6974,284.3145,11.2635,0.4101,15.5741,10.2444,4.3106,4.2014,122.9322,9.9623,0.1907,23.5386,19.1865,13.5763,3.6582,230.2376,10.3882,1.3272,8.428,2.8312,-1.9602,3.7575,33.9749,13.855,10.145,5.5502,52.4498,269.2336
-29.0,-63.0,77.0,10.0,0.5904,11.45,6.8083,1.45,4.0199,81.7,22.6617,0.1429,69.6595,58.1006,46.9978,8.3047,697.2068,1.5289,0.1268,4.7174,4.0759,3.1885,0.5169,48.9112,110.7335,0.7382,117.295,61.8998,6.5615,45.692,742.7973,14.9106,0.2537,28.3685,21.525,13.4579,5.46,258.3005,14.0324,0.1808,35.4597,29.0805,21.4273,5.2566,348.9664,14.4541,0.3508,21.591,14.8578,7.1369,5.212,178.2939,13.855,10.145,5.5502,52.4498,205.8453
-29.0,-61.0,55.0,8.05,0.4,10.65,7.6208,2.6,3.048,91.45,18.5735,0.1014,78.3511,67.5748,59.7776,6.8553,810.8971,1.1076,0.0744,4.6358,4.0465,3.5282,0.3009,48.5578,144.2381,0.5852,159.521,90.3266,15.2829,52.8554,1083.919,14.1937,0.2491,27.3967,20.6972,13.203,5.1549,248.3661,14.3909,0.1876,34.9894,28.2915,20.5985,5.3081,339.4975,13.3244,0.3308,20.7668,14.4304,7.4424,4.7735,173.1647,13.855,10.145,5.5502,52.4498,205.7746
-29.0,-58.0,89.0,5.8,0.2246,11.9,9.6083,6.1,2.1583,115.3,18.6733,0.0864,84.8073,74.4029,66.134,6.4255,892.8343,0.8745,0.0701,4.7582,4.1972,3.8837,0.2943,50.3669,119.7804,0.3856,165.2127,114.6995,45.4323,44.223,1376.3936,13.7249,0.2446,26.8684,20.2103,13.1435,4.9444,242.5233,14.2199,0.1921,33.9025,27.1262,19.6826,5.2097,325.5146,12.6004,0.3132,20.5701,14.3372,7.9697,4.4899,172.0466,13.855,10.145,5.5502,52.4498,199.6759
-28.0,-69.0,3240.0,5.85,0.7341,6.55,3.15,0.7,2.3124,37.8,21.7887,0.1967,48.3268,36.5302,26.5381,7.1842,438.3622,1.6599,0.2084,3.773,2.8386,2.1131,0.5916,34.0626,40.5757,0.8305,43.2033,17.6124,2.6276,14.6276,211.3484,12.3191,-2.4437,4.2565,-1.7928,-8.0626,4.3811,-21.5133,14.0234,0.8047,13.3311,6.4759,-0.6923,5.2112,77.7106,9.2367,-0.3812,-4.1714,-8.4484,-13.4081,3.2204,-101.3811,13.778,10.222,4.5502,51.4498,285.3562
-28.0,-63.0,94.0,11.25,0.6149,12.35,6.9917,1.1,4.2991,83.9,24.104,0.1487,67.3384,56.2342,43.2344,8.3604,674.81,1.5712,0.1201,4.9838,4.3388,3.4126,0.5209,52.0652,119.8148,0.7773,123.1774,58.6886,3.3626,45.6198,704.2635,14.0914,0.2324,28.7621,22.5267,14.6707,5.2354,270.32,13.0052,0.1636,35.8024,30.131,22.7972,4.929,361.5725,14.1209,0.3257,22.1238,15.774,8.0029,5.1374,189.2876,13.778,10.222,4.5502,51.4498,204.7512
-48.0,-71.0,578.0,3.95,0.2332,7.9,5.9208,3.95,1.3806,71.05,29.4843,0.1509,89.9418,74.0652,60.4575,11.1734,888.7829,0.8394,0.0591,5.0185,4.6781,4.1791,0.2765,56.1368,19.8225,0.236,35.6379,25.7788,15.8154,6.0831,309.3456,13.0584,1.1935,10.1611,3.9815,-2.8973,4.7517,47.7776,16.1753,0.6294,17.0057,9.4086,0.8304,5.9217,112.9029,9.7882,-4.1782,3.7253,-0.8152,-6.0629,3.4063,-9.7829,15.84,8.16,24.5502,71.4498,174.0623
-28.0,-62.0,81.0,10.8,0.4769,13.0,8.3958,2.2,4.0037,100.75,21.9266,0.1227,73.0085,61.7665,51.0819,7.5759,741.1985,1.3385,0.1038,4.7417,4.2527,3.4032,0.4415,51.0321,123.3157,0.6492,132.4391,72.2707,9.1234,46.9209,867.2479,13.8231,0.2328,28.2437,21.9075,14.4206,5.0994,262.8894,13.0082,0.1681,35.0151,29.197,22.0069,4.9086,350.3643,13.6092,0.3172,21.8486,15.5134,8.2394,4.9202,186.1606,13.778,10.222,4.5502,51.4498,206.8531
-28.0,-61.0,62.0,9.15,0.4058,12.0,8.375,2.85,3.3988,100.5,20.4602,0.1094,76.6462,65.5656,56.186,7.1737,786.7875,1.4401,0.1089,4.699,4.1186,3.2589,0.4486,49.4238,127.5996,0.5857,142.4618,85.4603,14.8622,50.0544,1025.524,13.8294,0.2351,27.9692,21.5657,14.1398,5.0696,258.7885,13.2611,0.1716,34.9347,28.9721,21.6736,4.9719,347.6649,13.4744,0.3193,21.514,15.1743,8.0396,4.8449,182.0919,13.778,10.222,4.5502,51.4498,206.6837
-28.0,-60.0,55.0,8.25,0.3603,11.9,8.5958,3.65,3.0974,103.15,17.2976,0.0879,81.0089,70.7445,63.7113,6.2167,848.9339,1.1833,0.0781,4.7175,4.0884,3.5342,0.3193,49.0611,153.5033,0.5143,177.8233,105.3764,24.32,54.1912,1264.5172,13.4353,0.2306,27.4181,21.1315,13.9828,4.8727,253.5777,13.4947,0.1745,35.0912,28.8841,21.5965,5.0415,346.6089,12.7011,0.3061,20.8223,14.8212,8.1212,4.5362,177.8546,13.778,10.222,4.5502,51.4498,204.8615
-28.0,-57.0,67.0,5.05,0.1679,13.0,10.6542,7.95,1.7884,127.85,17.8626,0.0835,85.8658,76.1164,68.0032,6.354,913.3965,0.709,0.0589,4.6459,4.2201,3.9369,0.2486,50.641,131.3506,0.31,203.0264,135.7035,71.6758,42.0616,1628.4414,13.3485,0.2289,27.5166,21.1528,14.1681,4.8421,253.8337,13.3518,0.1813,33.2949,27.148,19.9431,4.9223,325.7759,12.5209,0.2869,21.804,15.6462,9.2831,4.4892,187.7547,13.778,10.222,4.5502,51.4498,201.3816
-27.0,-68.0,3024.0,9.7,0.742,10.55,5.1292,0.85,3.806,61.55,28.798,0.2921,52.2792,35.0116,23.4812,10.2255,420.139,1.5508,0.1791,3.5273,2.4843,1.9765,0.4449,29.8121,45.679,0.8352,48.4135,21.0316,2.7345,17.5649,252.3796,11.1873,4.7887,6.106,0.8451,-5.0813,4.0472,10.1418,12.0998,0.4842,15.0839,9.671,2.9841,4.6825,116.0517,9.0982,-0.4707,-1.9343,-6.2654,-11.0325,2.9493,-75.1846,13.7025,10.2975,3.5502,50.4498,291.6636
-27.0,-67.0,1063.0,12.3,0.6794,13.1,6.7,0.8,4.5522,80.4,38.8626,0.305,68.949,48.0225,30.0864,14.6445,576.2697,1.9672,0.2542,3.8293,2.4727,1.8621,0.6286,29.6728,129.6683,0.8694,133.7257,54.9898,4.0574,47.8075,659.8777,9.636,0.402,13.5681,9.1885,3.9321,3.6933,110.2618,7.7737,0.1575,21.5767,18.3942,13.803,2.8971,220.7304,10.0017,1.9812,7.3453,1.9198,-2.6564,3.8035,23.038,13.7025,10.2975,3.5502,50.4498,267.9565
-27.0,-63.0,125.0,11.75,0.6178,12.7,7.2167,0.95,4.4587,86.6,26.2838,0.1584,68.0797,56.6994,41.7959,8.9835,680.3929,1.7773,0.1325,4.9883,4.3447,3.211,0.5757,52.1365,131.7786,0.7934,134.9382,62.9156,3.1596,49.92,754.9868,13.0555,0.2135,28.6289,23.0068,15.5734,4.911,276.0813,11.9133,0.15,35.5489,30.5893,23.6356,4.5892,367.0712,13.3772,0.3003,22.1386,16.27,8.7614,4.8861,195.2402,13.7025,10.2975,3.5502,50.4498,202.5191
-27.0,-62.0,82.0,10.1,0.5041,12.1,7.5708,2.0,3.8168,90.85,23.0704,0.1269,71.6077,60.3805,48.5373,7.6596,724.5657,1.641,0.1263,4.9632,4.3509,3.3222,0.5496,52.2113,124.0153,0.6386,135.0118,74.7126,10.9965,47.7109,896.5506,13.1644,0.2177,28.4699,22.5319,15.3055,4.9053,270.3833,12.1683,0.1564,35.0468,29.739,22.8785,4.6498,356.8679,13.2232,0.2978,22.2265,16.1785,9.0033,4.8176,194.1425,13.7025,10.2975,3.5502,50.4498,203.9498
-26.0,-68.0,4806.0,11.2,0.8956,11.7,4.9375,0.5,4.4222,59.25,20.79,0.2359,42.7096,30.8302,21.9196,7.2721,369.9625,1.1945,0.2063,2.9409,2.271,1.7464,0.4684,27.2515,40.0118,0.9229,41.9888,16.6328,1.977,15.3509,199.5931,11.7087,1.4293,8.8501,2.9586,-2.8586,4.2288,35.5029,12.9199,0.3874,18.6543,12.7113,5.7344,4.9245,152.5359,9.0194,-0.5912,-0.2071,-4.8924,-9.2265,2.8922,-58.7094,13.6285,10.3715,2.5502,49.4498,294.0616
-26.0,-67.0,3331.0,16.05,0.7613,16.9,8.2042,0.85,6.2461,98.45,33.9926,0.2551,65.8547,46.9727,31.8621,11.9838,563.6729,1.7445,0.2257,3.5697,2.4558,1.8252,0.5543,29.4691,169.736,0.9808,172.6171,64.143,2.8811,62.9141,769.7158,10.5278,2.1292,6.6925,1.8396,-3.8353,3.9169,22.0754,10.818,0.3984,15.118,10.3102,4.3,4.1071,123.7221,9.5339,-0.6363,-0.3282,-4.9941,-9.8621,3.1778,-59.9288,13.6285,10.3715,2.5502,49.4498,274.4483
-34.8167,-58.5333,20.0,3.0,0.1691,7.5,5.7917,4.5,0.9793,69.5,15.6,0.0712,79.7,72.6667,64.1,5.1713,872.0,1.1,0.1104,4.5,3.9,3.4,0.4306,46.8,60.1,0.2648,108.5,84.575,48.4,22.3961,1014.9,14.3,0.2977,24.1,17.0417,9.8,5.0726,204.5,15.3,0.2372,30.3,22.7083,15.0,5.3868,272.5,12.7,0.3918,17.9,11.5417,5.2,4.522,138.5,14.341,9.659,11.3669,58.2665,199.8639
-26.2,-58.2167,60.0,4.9,0.2638,8.3,6.3333,3.4,1.6708,76.0,11.9,0.0562,81.2,74.5083,69.3,4.1895,894.1,1.0,0.0671,4.5,3.9333,3.5,0.264,47.2,143.6,0.4386,178.4,117.2083,34.8,51.4051,1406.5,11.3,0.1802,27.7,22.45,16.4,4.0455,269.4,11.4,0.1422,34.1,28.6167,22.7,4.0691,343.4,11.0,0.225,22.5,17.375,11.5,3.9099,208.5,13.6432,10.3568,2.7502,49.6498,201.9707
-35.6833,-63.75,145.0,5.1,0.3667,7.8,5.3833,2.7,1.9738,64.6,19.0,0.0937,78.0,68.0083,59.0,6.3734,816.1,1.0,0.1,4.0,3.45,3.0,0.3451,41.4,114.7,0.5833,130.6,73.7667,15.9,43.0312,885.2,15.8,0.3487,23.8,16.2667,8.0,5.6725,195.2,15.8,0.2436,30.9,23.3917,15.1,5.6982,280.7,14.6,0.5208,17.1,10.1,2.5,5.2596,121.2,14.42,9.58,12.2335,59.1331,206.0283
-48.7667,-70.15,358.0,2.0,0.1996,3.8,2.5167,1.8,0.5024,30.2,30.66,0.1947,74.36,56.0183,43.7,10.9086,672.22,0.7,0.0577,4.2,3.84,3.5,0.2217,46.08,8.1,0.243,16.2,10.45,8.1,2.5397,125.4,13.4,0.5443,15.3,9.055,1.9,4.9283,108.66,16.9,0.4216,22.6,14.7667,5.7,6.2252,177.2,11.6,1.124,9.2,3.7667,-2.4,4.2337,45.2,15.9552,8.0448,25.3169,72.2165,165.621
-33.0,-58.6,23.0,3.4,0.1931,7.6,5.9833,4.2,1.1551,71.8,16.2,0.0741,82.0,74.275,65.8,5.5067,891.3,1.0,0.0969,4.1,3.525,3.1,0.3415,42.3,83.7,0.3134,140.2,101.5,56.5,31.8082,1218.0,14.2,0.2803,24.9,17.925,10.7,5.0249,215.1,14.6,0.2142,31.2,24.025,16.6,5.1455,288.3,12.8,0.3654,18.8,12.4583,6.0,4.5528,149.5,14.1815,9.8185,9.5502,56.4498,201.1626
-25.7167,-54.4667,270.0,5.5,0.1676,11.4,8.3167,5.9,1.394,99.8,12.8,0.0512,88.6,81.1417,75.8,4.1535,973.7,0.9,0.0814,4.1,3.65,3.2,0.297,43.8,163.3,0.2684,247.0,163.3083,83.7,43.8337,1959.7,9.9,0.1699,25.8,21.35,15.9,3.6265,256.2,9.8,0.1303,32.0,27.6833,22.2,3.6063,332.2,9.7,0.215,20.7,16.275,11.0,3.4999,195.3,13.6078,10.3922,2.2669,49.1665,202.1578
-30.2167,-68.7333,1175.0,3.1,0.6505,3.6,1.5083,0.5,0.9811,18.1,18.0,0.1099,66.2,57.3333,48.2,6.2994,688.0,1.2,0.1748,3.0,2.3583,1.8,0.4122,28.3,30.5,0.8872,32.3,10.2833,1.8,9.1238,123.4,18.2,0.3942,25.4,16.7667,7.2,6.6098,201.2,15.3,0.2193,32.9,25.6083,17.6,5.6158,307.3,19.0,0.9367,16.6,7.3833,-2.4,6.916,88.6,13.9511,10.0489,6.7669,53.6665,246.6943
-24.3833,-65.0833,907.0,10.8,0.8118,11.3,5.2833,0.5,4.2891,63.4,31.5,0.1603,81.5,68.75,50.0,11.0193,825.0,2.6,0.1997,5.4,4.4083,2.8,0.8806,52.9,151.9,1.0234,154.0,60.0333,2.1,61.4392,720.4,12.1,0.2329,24.0,19.025,11.9,4.4305,228.3,10.8,0.1548,30.7,25.9583,19.9,4.0173,311.5,12.5,0.3418,18.5,13.3583,6.0,4.566,160.3,13.5119,10.4881,0.9335,47.8331,229.2006
-24.18,-65.33,1302.0,12.1,0.6487,13.8,7.3583,1.7,4.7731,88.3,22.3,0.1048,84.9,76.1167,62.6,7.9754,913.4,2.8,0.212,5.8,4.7167,3.0,0.9998,56.6,185.6,0.9562,191.5,79.2667,5.9,75.7928,951.2,11.1,0.2384,21.3,16.7417,10.2,3.9915,200.9,9.1,0.145,27.7,23.7,18.6,3.4362,284.4,12.2,0.382,16.7,11.65,4.5,4.4502,139.8,13.4974,10.5026,0.7302,47.6298,229.2006
-34.55,-60.9167,81.0,5.5,0.3455,8.6,5.75,3.1,1.9865,69.0,14.4,0.066,78.9,72.3583,64.5,4.7788,868.3,0.9,0.0951,4.0,3.5417,3.1,0.337,42.5,104.5,0.4508,134.2,92.1,29.7,41.5191,1105.2,14.3,0.317,23.0,16.1,8.7,5.104,193.2,14.6,0.2267,29.8,22.9417,15.2,5.2004,275.3,13.1,0.4614,16.5,10.1333,3.4,4.6755,121.6,14.3171,9.6829,11.1002,57.9998,200.2199
-34.95,-57.8833,23.0,2.3,0.1291,7.4,6.15,5.1,0.7937,73.8,14.3,0.0606,85.1,78.875,70.8,4.7759,946.5,1.0,0.1092,4.1,3.6167,3.1,0.395,43.4,54.2,0.2015,112.8,89.3917,58.6,18.0114,1072.7,13.9,0.3064,23.1,16.1917,9.2,4.9608,194.3,14.7,0.2417,28.9,21.625,14.2,5.2265,259.5,12.2,0.3947,17.4,11.2667,5.2,4.4473,135.2,14.353,9.647,11.5002,58.3998,199.3519
-22.1,-65.6,3459.0,11.5,1.1283,11.5,3.7167,0.0,4.1937,44.6,37.5,0.3334,63.2,43.6167,25.7,14.544,523.4,3.6,0.4902,4.9,2.7333,1.3,1.3398,32.8,101.9,1.2452,101.9,27.5583,0.0,34.3149,330.7,9.4,0.3386,13.9,10.3,4.5,3.4876,123.6,6.4,0.11,22.5,19.7083,16.1,2.1673,236.5,13.9,2.8867,7.7,1.8583,-6.2,5.3644,22.3,13.3526,10.6474,1.3498,45.5498,271.9723
-29.3667,-66.7833,429.0,6.6,0.7587,7.1,3.1917,0.5,2.4217,38.3,23.5,0.1462,71.1,60.1083,47.6,8.7891,721.3,1.9,0.1944,4.0,3.225,2.1,0.6269,38.7,87.0,0.9559,90.3,33.9083,3.3,32.4126,406.9,17.0,0.307,27.6,20.2667,10.6,6.2211,243.2,15.9,0.2075,35.4,28.15,19.5,5.8422,337.8,17.3,0.4458,21.5,14.025,4.2,6.2519,168.3,13.8837,10.1163,5.9169,52.8165,226.4333
-34.1167,-63.3667,137.0,6.1,0.4609,8.0,5.2917,1.9,2.4389,63.5,13.9,0.0742,78.4,71.1583,64.5,5.2801,853.9,1.1,0.1129,4.0,3.4,2.9,0.3838,40.8,124.2,0.6207,137.4,77.75,13.2,48.2624,933.0,15.1,0.3366,23.2,16.0833,8.1,5.4138,193.0,14.7,0.2241,30.4,23.55,15.7,5.2764,282.6,14.1,0.5018,16.9,10.2083,2.8,5.1229,122.5,14.2786,9.7214,10.6669,57.5665,204.3784
-36.0333,-59.1333,36.0,2.9,0.2007,7.0,5.6,4.1,1.1241,67.2,13.7,0.0626,82.2,76.625,68.5,4.7953,919.5,0.9,0.0897,4.4,3.9167,3.5,0.3512,47.0,68.9,0.2989,118.8,81.725,49.9,24.4282,980.7,14.5,0.3328,22.6,15.4333,8.1,5.1364,185.2,15.8,0.2559,29.7,21.9,13.9,5.6037,262.8,12.0,0.459,15.2,9.4417,3.2,4.3333,113.3,14.4524,9.5476,12.5835,59.4831,198.2992
-24.7,-60.5833,130.0,6.1,0.4313,7.5,5.15,1.4,2.2212,61.8,20.8,0.0971,80.0,69.8667,59.2,6.7843,838.4,1.5,0.1075,4.5,3.7917,3.0,0.4078,45.5,144.5,0.6587,156.4,80.6,11.9,53.0916,967.2,11.7,0.1813,28.3,22.9917,16.6,4.169,275.9,11.7,0.1382,35.5,30.1833,23.8,4.1709,362.2,11.3,0.2326,22.1,17.1833,10.8,3.9961,206.2,13.5345,10.4655,1.2502,48.1498,202.4807
-35.4667,-69.5833,1425.0,1.5,0.153,4.1,3.2083,2.6,0.4907,38.5,23.7,0.1619,63.7,52.0167,40.0,8.4193,624.2,1.4,0.1459,4.0,3.3167,2.6,0.484,39.8,16.1,0.1801,33.5,26.7167,17.4,4.8119,320.6,16.8,0.4977,20.6,12.1417,3.8,6.0429,145.7,17.3,0.304,29.1,20.375,11.8,6.1942,244.5,13.9,1.0659,11.6,4.675,-2.3,4.9829,56.1,14.4001,9.5999,12.0169,58.9165,226.7413
-41.2333,-68.7,888.0,4.0,0.4436,5.4,2.88,1.4,1.2777,34.56,28.3,0.1746,72.4,57.7833,44.1,10.0862,693.4,1.4,0.1371,4.0,3.3417,2.6,0.4582,40.1,26.54,0.3753,35.44,19.9883,8.9,7.5016,239.86,18.0,0.6739,18.6,9.5333,0.6,6.4246,114.4,20.5,0.4354,26.7,16.725,6.2,7.2829,200.7,14.0,1.8879,9.6,2.6417,-4.4,4.9872,31.7,14.9793,9.0207,17.7835,64.6831,203.0609
-37.9167,-57.5667,21.0,2.0,0.1047,7.7,6.5333,5.7,0.684,78.4,9.3,0.0391,82.0,78.3167,72.7,3.0608,939.8,1.0,0.0933,4.7,4.1833,3.7,0.3904,50.2,45.8,0.2048,103.6,78.8333,57.8,16.1457,946.0,12.8,0.3305,20.3,13.95,7.5,4.6106,167.4,13.8,0.2495,26.4,19.625,12.6,4.8964,235.5,11.3,0.47,14.5,8.8333,3.2,4.152,106.0,14.6331,9.3669,14.4669,61.3665,190.9201
-32.6667,-62.15,114.0,5.9,0.4269,7.7,5.1167,1.8,2.1842,61.4,13.7,0.0665,80.5,74.6,66.8,4.9611,895.2,0.9,0.0906,4.0,3.4417,3.1,0.3118,41.3,136.1,0.6112,148.6,78.55,12.5,48.0062,942.6,14.3,0.3029,23.5,16.9583,9.2,5.1364,203.5,13.6,0.202,30.4,24.275,16.8,4.9038,291.3,13.7,0.4563,17.2,10.8167,3.5,4.9354,129.8,14.1531,9.8469,9.2169,56.1165,205.5462
-32.8333,-68.7833,704.0,3.5,0.4418,4.5,2.5167,1.0,1.1118,30.2,25.6,0.1693,69.1,54.8917,43.5,9.2925,658.7,1.0,0.083,3.7,3.1167,2.7,0.2588,37.4,42.2,0.7015,47.2,19.8333,5.0,13.9123,238.0,18.0,0.3752,25.9,17.3417,7.9,6.5067,208.1,17.5,0.2594,32.8,24.3667,15.3,6.3206,292.4,17.3,0.5631,19.3,11.0667,2.0,6.2316,132.8,14.1673,9.8327,9.3835,56.2831,231.6573
-32.8833,-68.8667,827.0,3.3,0.3681,4.9,3.1167,1.6,1.1472,37.4,19.1,0.1166,70.4,59.3,51.3,6.9119,711.6,1.0,0.0833,3.7,3.0917,2.7,0.2575,37.1,36.2,0.566,44.3,22.25,8.1,12.5925,267.0,17.0,0.3755,24.4,16.25,7.4,6.1016,195.0,16.0,0.2517,30.7,22.9833,14.7,5.7844,275.8,15.4,0.505,18.3,10.8667,2.9,5.4877,130.4,14.1715,9.8285,9.4335,56.3331,231.6573
-30.25,-57.6333,54.0,4.2,0.2001,8.4,6.5667,4.2,1.3138,78.8,14.0,0.065,81.5,74.1,67.5,4.8185,889.2,1.0,0.0931,4.2,3.5917,3.2,0.3343,43.1,135.5,0.3425,197.2,126.7583,61.7,43.4146,1521.1,13.1,0.2351,26.2,19.775,13.1,4.6494,237.3,13.5,0.1866,32.4,25.775,18.9,4.8093,309.3,11.8,0.2845,20.6,14.8,8.8,4.2106,177.6,13.9538,10.0462,6.8002,53.6998,202.3101
-38.95,-68.1333,271.0,2.4,0.3019,4.0,2.475,1.6,0.7473,29.7,33.7,0.2334,70.9,53.5583,37.2,12.4987,642.7,2.2,0.2183,4.5,3.4417,2.3,0.7513,41.3,23.3,0.3815,32.9,17.6417,9.6,6.7302,211.7,18.1,0.437,24.1,14.9333,6.0,6.5265,179.2,19.0,0.3059,32.1,22.55,13.1,6.898,270.6,15.4,0.6818,15.9,8.1,0.5,5.5222,97.2,14.7368,9.2632,15.5002,62.3998,215.2697
-35.4333,-60.8667,76.0,5.1,0.2938,8.3,5.925,3.2,1.741,71.1,16.3,0.077,78.9,71.0833,62.6,5.4719,853.0,1.0,0.1019,4.2,3.6,3.2,0.3668,43.2,101.6,0.4139,139.4,87.7833,37.8,36.3294,1053.4,14.8,0.3276,23.3,16.0917,8.5,5.2723,193.1,15.9,0.2471,30.5,22.8333,14.6,5.6423,274.0,12.6,0.4263,16.8,10.6,4.2,4.5193,127.2,14.397,9.603,11.9835,58.8831,198.5516
-27.4833,-55.1167,303.0,1.92,0.0731,9.5,8.555,7.58,0.6251,68.44,9.9,0.0486,84.6,79.5375,74.7,3.8634,636.3,0.7,0.0761,4.0,3.6125,3.3,0.2748,28.9,71.8,0.1314,215.2,172.6475,143.4,22.6907,1381.18,9.0,0.1547,24.7,20.5125,15.7,3.1742,164.1,10.1,0.1316,31.6,27.0375,21.5,3.5585,216.3,7.8,0.1797,19.3,15.5625,11.5,2.7964,124.5,13.7388,10.2612,4.0335,50.9331,198.3803
-36.8833,-60.2167,166.0,3.9,0.2649,7.4,5.5167,3.5,1.4615,66.2,17.1,0.0773,82.0,75.4333,64.9,5.8337,905.2,0.8,0.0811,4.5,4.075,3.7,0.3306,48.9,74.3,0.3513,111.8,76.1083,37.5,26.7387,913.3,15.2,0.382,21.7,14.075,6.5,5.3771,168.9,16.2,0.2739,29.0,20.8833,12.8,5.7206,250.6,12.5,0.564,14.1,7.9333,1.6,4.4744,95.2,14.5327,9.4673,13.4335,60.3331,199.2144
-23.15,-64.3167,357.0,10.0,0.6889,10.7,5.75,0.7,3.9611,69.0,28.6,0.1319,84.3,73.3,55.7,9.6696,879.6,2.5,0.1675,5.7,4.8667,3.2,0.815,58.4,195.4,0.9376,198.4,80.6333,3.0,75.6004,967.6,11.5,0.1958,26.4,21.7167,14.9,4.2518,260.6,11.6,0.149,33.2,28.375,21.6,4.2281,340.5,12.0,0.2626,21.6,16.75,9.6,4.3982,201.0,13.4251,10.5749,0.2998,46.5998,198.4175
-31.7833,-60.4833,78.0,4.5,0.3197,7.4,5.575,2.9,1.7823,66.9,14.7,0.074,79.6,71.7417,64.9,5.3122,860.9,1.0,0.1008,4.0,3.3667,3.0,0.3393,40.4,121.2,0.4919,152.0,96.2333,30.8,47.3395,1154.8,13.6,0.2623,25.0,18.3333,11.4,4.8086,220.0,14.3,0.2079,31.2,24.225,16.9,5.037,290.7,12.2,0.324,19.4,13.4,7.2,4.3418,160.8,14.0788,9.9212,8.3335,55.2331,205.4237
-29.6833,-57.1333,70.0,4.2,0.1595,8.8,6.675,4.6,1.0644,80.1,14.5,0.0649,82.6,74.6833,68.1,4.846,896.2,0.9,0.0697,4.3,3.7917,3.4,0.2644,45.5,123.4,0.3229,180.4,126.475,57.0,40.8388,1517.7,12.6,0.2264,26.0,19.9083,13.4,4.5071,238.9,13.2,0.1815,32.2,25.8,19.0,4.6817,309.6,11.6,0.2763,20.6,14.95,9.0,4.1307,179.4,13.9087,10.0913,6.2335,53.1331,201.6535
-35.8333,-61.85,87.0,4.9,0.318,8.1,5.7167,3.2,1.818,68.6,15.4,0.0679,81.0,73.8333,65.6,5.0101,886.0,0.9,0.0965,4.2,3.725,3.3,0.3596,44.7,104.8,0.4812,128.6,78.3917,23.8,37.7218,940.7,15.2,0.3458,23.0,15.5833,7.8,5.388,187.0,15.6,0.2499,29.8,22.2833,14.2,5.5689,267.4,13.2,0.4831,16.2,9.75,3.0,4.7102,117.0,14.4339,9.5661,12.3835,59.2831,202.4087
-46.5333,-70.9833,429.0,2.24,0.2225,4.38,3.0517,2.14,0.679,36.62,29.7,0.1823,76.8,60.7133,47.1,11.0693,728.56,0.6,0.0511,4.4,4.0333,3.8,0.206,48.4,21.94,0.3707,32.76,16.3683,10.82,6.0678,196.42,13.7,0.5672,15.4,8.7583,1.7,4.9682,105.1,15.1,0.3795,21.5,14.3033,6.4,5.4285,171.64,12.3,1.2505,9.5,3.5167,-2.8,4.3975,42.2,15.6312,8.3688,23.0835,69.9831,178.9224
-37.6,-62.3833,304.0,4.1,0.274,7.4,5.5167,3.3,1.5117,66.2,21.8,0.0998,78.9,69.125,57.1,6.8961,829.5,1.3,0.1181,4.7,4.0167,3.4,0.4745,48.2,76.7,0.4148,101.2,68.2,24.5,28.2896,818.4,15.4,0.4001,21.5,13.7833,6.1,5.5146,165.4,17.1,0.2994,28.9,20.4167,11.8,6.1134,245.0,13.1,0.6042,14.3,7.7083,1.2,4.6574,92.5,14.602,9.398,14.1502,61.0498,202.7881
-31.6667,-63.8667,338.0,7.3,0.6072,8.2,4.8167,0.9,2.9245,57.8,18.6,0.1011,76.5,68.225,57.9,6.8974,818.7,1.2,0.085,4.2,3.4917,3.0,0.2968,41.9,112.3,0.7236,118.4,62.8167,6.1,45.4511,753.8,14.1,0.2908,23.7,17.2583,9.6,5.0191,207.1,13.0,0.1919,30.1,24.1833,17.1,4.6409,290.2,13.8,0.4294,18.0,11.6083,4.2,4.985,139.3,14.0692,9.9308,8.2169,55.1165,209.1648
-27.3833,-55.9667,125.0,4.8,0.1495,10.4,7.6917,5.6,1.1501,92.3,12.1,0.0576,77.5,70.9167,65.4,4.0867,851.0,0.8,0.0662,4.0,3.5167,3.2,0.2329,42.2,166.3,0.298,253.4,156.1,87.1,46.5215,1873.2,10.9,0.1781,27.2,22.0667,16.3,3.929,264.8,11.0,0.1456,33.0,27.8417,22.0,4.0527,334.1,10.3,0.2117,22.1,17.2583,11.8,3.6535,207.1,13.7312,10.2688,3.9335,50.8331,198.3803
-26.7333,-60.4833,93.0,5.6,0.3933,7.6,5.375,2.0,2.1141,64.5,18.8,0.0887,81.3,72.575,62.5,6.4383,870.9,1.7,0.1155,4.5,3.6083,2.8,0.4166,43.3,151.5,0.6265,164.3,86.075,12.8,53.927,1032.9,12.8,0.2134,27.1,21.3167,14.3,4.5481,255.8,11.7,0.1487,33.8,28.4917,22.1,4.2378,341.9,12.36,0.2845,21.44,15.3817,9.08,4.376,184.58,13.6826,10.3174,3.2835,50.1831,204.7625
-47.7333,-65.9,80.0,0.94,0.0782,4.14,3.5933,3.2,0.281,43.12,20.4,0.1131,75.1,64.15,54.7,7.2575,769.8,0.8,0.0546,4.6,4.2333,3.8,0.2309,50.8,10.22,0.1571,27.24,22.445,17.02,3.5257,269.34,12.9,0.4537,16.4,10.1917,3.5,4.6239,122.3,15.8,0.3564,23.4,15.8833,7.6,5.6607,190.6,10.4,0.7047,10.5,5.3917,0.1,3.7994,64.7,15.8009,8.1991,24.2835,71.1831,172.1674
-35.35,-57.2833,22.0,2.1,0.0939,7.4,6.375,5.3,0.5987,76.5,11.5,0.0478,86.8,81.9917,75.3,3.9179,983.9,0.9,0.0876,4.3,3.9083,3.4,0.3423,46.9,48.6,0.1689,116.1,86.7083,67.5,14.6493,1040.5,13.8,0.3047,23.0,16.2083,9.2,4.9381,194.5,14.2,0.2399,27.9,21.0167,13.7,5.0418,252.2,12.9,0.3905,18.3,11.8667,5.4,4.6343,142.4,14.3894,9.6106,11.9002,58.7998,193.8787
-29.2,-59.6833,53.0,5.3,0.3627,7.7,5.6417,2.4,2.0465,67.7,12.3,0.0631,81.3,74.0333,69.0,4.672,888.4,1.2,0.1003,4.3,3.5417,3.1,0.3554,42.5,138.7,0.5382,162.8,102.15,24.1,54.9792,1225.8,12.9,0.2241,26.4,20.2333,13.5,4.5334,242.8,12.7,0.1702,32.4,26.2333,19.7,4.4655,314.8,12.3,0.2886,21.0,15.1667,8.7,4.3775,182.0,13.8706,10.1294,5.7502,52.6498,204.3041
-27.4333,-59.0333,52.0,5.3,0.3259,8.0,5.9583,2.7,1.9421,71.5,13.4,0.0622,82.2,74.7333,68.8,4.6496,896.8,1.0,0.0728,4.4,3.7667,3.4,0.2741,45.2,155.5,0.5108,179.9,116.0917,24.4,59.2956,1393.1,12.1,0.2019,26.9,21.275,14.8,4.2961,255.3,11.8,0.1508,33.4,27.6833,21.6,4.175,332.2,11.8,0.2684,21.2,15.75,9.4,4.2266,189.0,13.735,10.265,3.9835,50.8831,204.8615
-33.0833,-64.2667,421.0,7.3,0.5245,8.8,5.45,1.5,2.8586,65.4,16.8,0.096,73.3,65.4167,56.5,6.2791,785.0,0.9,0.0738,4.0,3.475,3.1,0.2563,41.7,127.7,0.7145,135.4,69.875,7.7,49.9281,838.5,14.2,0.3095,23.0,16.475,8.8,5.0992,197.7,13.4,0.2101,29.1,23.0417,15.7,4.841,276.5,13.8,0.445,17.6,11.1333,3.8,4.9548,133.6,14.1887,9.8113,9.6335,56.5331,207.9383
-51.6,-69.3,19.0,3.6,0.2234,6.4,4.5667,2.8,1.0201,54.8,27.1,0.1601,79.0,64.375,51.9,10.309,772.5,1.2,0.0834,5.5,4.825,4.3,0.4025,57.9,17.7,0.2463,32.2,23.05,14.5,5.6779,276.6,12.1,0.576,13.6,7.75,1.5,4.4641,93.0,14.9,0.4169,20.0,13.2,5.1,5.5036,158.4,9.7,1.3343,7.4,2.625,-2.3,3.5025,31.5,16.4241,7.5759,28.1502,75.0498,141.216
-53.7667,-67.75,22.0,4.1,0.2033,7.8,5.7583,3.7,1.1704,69.1,15.7,0.0749,89.1,81.0167,73.4,6.0693,972.2,1.4,0.1003,5.4,4.7417,4.0,0.4757,56.9,22.4,0.2535,38.4,27.125,16.0,6.8771,325.5,10.9,0.694,11.0,5.725,0.1,3.9729,68.7,12.8,0.4602,16.0,10.2167,3.2,4.7022,122.6,8.9,1.9575,5.9,1.625,-3.0,3.1809,19.5,16.8394,7.1606,30.3169,77.2165,139.1366
-32.9,-60.7667,25.0,5.3,0.3687,7.9,5.4083,2.6,1.9943,64.9,15.5,0.0778,81.0,72.95,65.5,5.6757,875.4,1.1,0.0973,4.2,3.5833,3.1,0.3486,43.0,115.4,0.5118,138.4,87.7917,23.0,44.9302,1053.5,14.7,0.2924,24.8,17.7583,10.1,5.1933,213.1,14.4,0.2127,30.9,23.9833,16.5,5.1008,287.8,13.8,0.4064,18.7,12.075,4.9,4.9068,144.9,14.173,9.827,9.4502,56.3498,202.1952
-24.8333,-65.4667,1221.0,11.9,0.8747,12.4,5.25,0.5,4.5924,63.0,27.1,0.1313,82.9,71.9,55.8,9.4402,862.8,2.9,0.2216,5.8,4.675,2.9,1.0358,56.1,194.8,1.1153,197.1,61.525,2.3,68.6196,738.3,11.6,0.2503,21.7,16.9,10.1,4.23,202.8,8.6,0.1307,28.4,24.375,19.8,3.1869,292.5,13.9,0.4641,16.8,10.8833,2.9,5.0508,130.6,13.544,10.456,1.3835,48.2831,229.2006
-40.75,-65.0167,20.0,1.4,0.1394,3.6,2.9083,2.2,0.4055,34.9,22.0,0.1394,67.5,56.1833,45.5,7.8295,674.2,1.3,0.1242,4.1,3.5,2.8,0.4348,42.0,21.0,0.2722,37.6,24.45,16.6,6.6563,293.4,16.2,0.3988,22.8,14.8167,6.6,5.9085,177.8,17.0,0.2845,30.4,21.8583,13.4,6.2191,262.3,14.7,0.6469,15.7,8.125,1.0,5.2557,97.5,14.9264,9.0736,17.3002,64.1998,202.3301
-34.45,-58.5833,5.0,3.2,0.1592,7.4,5.9917,4.2,0.9539,71.9,15.7,0.0737,80.3,72.7667,64.6,5.3649,873.2,1.1,0.1134,4.0,3.4833,2.9,0.395,41.8,70.1,0.2474,122.6,95.325,52.5,23.581,1143.9,14.0,0.2832,24.6,17.6333,10.6,4.9941,211.6,14.1,0.2218,29.5,22.4917,15.4,4.9888,269.9,13.1,0.3672,19.3,12.8083,6.2,4.7031,153.7,14.3082,9.6918,11.0002,57.8998,199.8639
-31.5667,-68.4167,598.0,2.5,0.6862,2.8,1.1583,0.3,0.7948,13.9,24.1,0.1845,62.2,48.225,38.1,8.898,578.7,0.8,0.105,2.9,2.475,2.1,0.2598,29.7,21.2,0.9052,22.5,7.55,1.3,6.8339,90.6,19.8,0.399,27.3,18.025,7.5,7.1918,216.3,18.4,0.253,35.1,26.3917,16.7,6.6762,316.7,19.5,0.6634,19.8,10.55,0.3,6.9992,126.6,14.0609,9.9391,8.1169,55.0165,242.1531
-49.3,-67.8,62.0,1.5,0.1239,4.6,3.8,3.1,0.471,45.6,23.0,0.1367,74.5,61.9583,51.5,8.4699,743.5,0.9,0.0755,4.7,4.075,3.8,0.3079,48.9,15.1,0.2382,30.6,21.5167,15.5,5.1251,258.2,12.8,0.4729,16.1,9.8417,3.3,4.6541,118.1,15.5,0.3617,22.9,15.7083,7.4,5.6823,188.5,9.9,0.7997,9.4,4.5,-0.5,3.5985,54.0,16.038,7.962,25.8502,72.7498,160.2316
-33.2667,-66.35,713.0,7.1,0.5804,8.3,4.7,1.2,2.728,56.4,20.7,0.1354,66.2,55.1667,45.5,7.4701,662.0,0.9,0.0695,4.0,3.4333,3.1,0.2387,41.2,109.9,0.7947,115.3,55.5917,5.4,44.179,667.1,15.2,0.3098,24.8,17.6083,9.6,5.455,211.3,14.9,0.2203,31.6,24.3917,16.7,5.3724,292.7,14.3,0.435,18.3,11.6917,4.0,5.0862,140.3,14.2044,9.7956,9.8169,56.7165,218.9497
-33.0667,-68.45,653.0,4.7,0.6523,5.3,2.325,0.6,1.5167,27.9,21.0,0.1352,69.8,57.7417,48.8,7.808,692.9,1.0,0.1078,3.3,2.6333,2.3,0.2839,31.6,44.9,0.7849,48.0,21.8833,3.1,17.1766,262.6,17.6,0.3789,25.2,16.8167,7.6,6.3714,201.8,17.1,0.252,32.9,24.675,15.8,6.2185,296.1,16.4,0.5567,18.3,10.5083,1.9,5.8503,126.1,14.1872,9.8128,9.6169,56.5165,227.996
-34.54,-58.71,28.0,3.3,0.1791,8.1,6.645,4.8,1.1904,79.74,15.5,0.0706,82.5,75.0083,67.0,5.2966,900.1,1.0,0.0884,4.4,3.8833,3.4,0.3433,46.6,80.9,0.286,130.7,94.0417,49.8,26.8944,1128.5,13.9,0.2895,24.1,17.2083,10.2,4.981,206.5,14.7,0.228,30.1,22.8333,15.4,5.2065,274.0,12.8,0.374,18.7,12.2833,5.9,4.5938,147.4,14.3162,9.6838,11.0902,57.9898,199.8639
-34.5833,-68.4,748.0,4.1,0.3804,5.4,3.5,1.3,1.3314,42.0,22.0,0.1278,68.6,56.4833,46.6,7.2176,677.8,1.0,0.1001,3.4,2.8083,2.4,0.2811,33.7,47.0,0.5106,54.2,30.2417,7.2,15.4417,362.9,17.0,0.3953,23.8,15.3833,6.8,6.0806,184.6,16.4,0.2505,31.8,23.5583,15.4,5.9022,282.7,15.0,0.6386,15.8,8.4083,0.8,5.3694,100.9,14.3201,9.6799,11.1335,58.0331,226.5331
-36.5833,-64.2667,191.0,4.7,0.3724,7.0,4.7083,2.3,1.7532,56.5,22.5,0.112,75.8,64.4417,53.3,7.2149,773.3,1.3,0.1322,4.3,3.6417,3.0,0.4814,43.7,81.7,0.5141,99.0,62.7833,17.3,32.2749,753.4,16.4,0.3762,23.8,15.6583,7.4,5.8912,187.9,17.0,0.2616,31.5,23.125,14.5,6.0491,277.5,14.4,0.5547,16.5,9.3333,2.1,5.1776,112.0,14.5041,9.4959,13.1335,60.0331,206.1923
-27.75,-64.2833,199.0,7.3,0.6151,7.8,4.4333,0.5,2.7271,53.2,26.1,0.1433,75.3,63.95,49.2,9.1612,767.4,1.8,0.146,4.4,3.7917,2.6,0.5534,45.5,137.7,0.8847,139.3,54.3667,1.6,48.0974,652.4,14.9,0.2622,27.0,20.575,12.1,5.3943,246.9,13.8,0.1774,34.2,28.175,20.4,4.9991,338.1,15.8,0.4055,20.7,14.0583,4.9,5.701,168.7,13.759,10.241,4.3002,51.1998,205.3436
-31.7,-60.8,18.0,5.2,0.3629,7.7,5.4083,2.5,1.9626,64.9,13.5,0.0689,80.7,73.3,67.2,5.049,879.6,1.0,0.102,3.9,3.25,2.9,0.3317,39.0,117.7,0.5282,143.1,89.65,25.4,47.3543,1075.8,14.2,0.2632,25.7,18.925,11.5,4.9809,227.1,14.0,0.198,31.5,24.775,17.5,4.9057,297.3,13.4,0.3457,20.1,13.7083,6.7,4.7391,164.5,14.0719,9.9281,8.2502,55.1498,205.4237
-37.2333,-59.2167,175.0,3.4,0.2183,7.3,5.5583,3.9,1.2132,66.7,17.0,0.0724,81.6,74.6417,64.6,5.4063,895.7,1.1,0.1119,4.4,3.8833,3.3,0.4345,46.6,67.7,0.3005,108.8,76.05,41.1,22.8548,912.6,14.6,0.3811,20.8,13.5417,6.2,5.1609,162.5,15.9,0.2747,28.4,20.4,12.5,5.6029,244.8,12.2,0.6073,13.3,7.1917,1.1,4.3673,86.3,14.5663,9.4337,13.7835,60.6831,196.1369
-22.6,-63.7833,450.0,9.2,0.6386,9.9,5.625,0.7,3.5919,67.5,31.8,0.1594,82.4,70.3167,50.6,11.2052,843.8,2.4,0.1687,5.3,4.5717,2.9,0.7714,54.86,194.0,0.9404,197.8,83.0917,3.8,78.1354,997.1,11.2,0.1925,26.0,21.4833,14.8,4.1361,257.8,11.0,0.147,32.5,27.975,21.5,4.1119,335.7,11.5,0.258,20.8,16.1833,9.3,4.1761,194.2,13.387,10.613,0.8498,46.0498,200.4709
-28.0667,-67.55,1201.0,4.5,0.9425,4.8,1.6583,0.3,1.5629,19.9,17.5,0.1191,62.7,53.675,45.2,6.3946,644.1,2.3,0.238,4.3,3.025,2.0,0.72,36.3,36.2,1.0806,37.4,11.0833,1.2,11.9764,133.0,16.0,0.3054,26.2,19.1917,10.2,5.8606,230.3,14.2,0.1879,34.2,27.875,20.0,5.2383,334.5,18.7,0.6707,18.9,10.275,0.2,6.8914,123.3,13.7831,10.2169,4.6169,51.5165,250.8162
-43.2,-65.2667,43.0,1.7,0.2067,3.9,3.025,2.2,0.6254,36.3,26.1,0.1691,67.5,54.3083,41.4,9.1858,651.7,0.8,0.0761,4.0,3.6917,3.2,0.2811,44.3,13.5,0.2652,25.4,18.175,11.9,4.8206,218.1,15.7,0.4111,21.6,13.7417,5.9,5.6489,164.9,16.9,0.292,29.3,20.9083,12.4,6.1049,250.9,13.4,0.6935,13.7,6.9,0.3,4.7848,82.8,15.205,8.795,19.7502,66.6498,190.5684
-38.35,-60.2833,115.0,2.5,0.1425,7.3,6.1917,4.8,0.8826,74.3,19.6,0.0917,77.7,69.5417,58.1,6.3792,834.5,1.3,0.121,4.9,4.3,3.6,0.5205,51.6,63.8,0.2971,106.5,69.3333,42.7,20.5989,832.0,14.7,0.3639,21.8,14.325,7.1,5.2122,171.9,16.7,0.2829,29.4,20.9583,12.7,5.9294,251.5,12.1,0.4818,15.2,9.075,3.1,4.372,108.9,14.6762,9.3238,14.9002,61.7998,195.8608
-26.8333,-65.1,450.0,7.3,0.6151,7.8,4.4333,0.5,2.7271,53.2,26.1,0.1433,75.3,63.95,49.2,9.1612,767.4,1.8,0.146,4.4,3.7917,2.6,0.5534,45.5,137.7,0.8847,139.3,54.3667,1.6,48.0974,652.4,13.0,0.2393,25.3,19.7667,12.3,4.7306,237.2,12.3,0.172,31.3,26.1417,19.0,4.497,313.7,13.4,0.3336,20.3,14.5,6.9,4.8375,174.0,13.6901,10.3099,3.3835,50.2831,219.2222
-54.8333,-68.3,57.0,2.4,0.0947,9.3,8.2583,6.9,0.7821,99.1,10.9,0.0505,81.0,74.7917,70.1,3.7735,897.5,1.1,0.0677,5.9,5.3583,4.8,0.363,64.3,18.6,0.1478,47.0,38.15,28.4,5.6371,457.8,7.2,0.4486,9.5,6.0,2.3,2.6917,72.0,9.1,0.3646,13.6,9.35,4.5,3.4089,112.2,4.58,0.6838,4.72,2.5167,0.14,1.7209,30.2,17.0667,6.9333,31.3835,78.2831,111.8835
-33.6667,-61.95,112.0,5.46,0.4074,7.46,5.1783,2.0,2.1099,62.14,11.9,0.0594,80.9,75.825,69.0,4.5056,909.9,0.9,0.104,3.8,3.2917,2.9,0.3423,39.5,118.2,0.5732,135.9,75.41,17.7,43.2222,904.92,14.2,0.309,23.0,16.4083,8.8,5.0707,196.9,13.7,0.2112,29.7,23.4833,16.0,4.9587,281.8,13.3,0.466,16.6,10.275,3.3,4.7883,123.3,14.2391,9.7609,10.2169,57.1165,203.1699
-40.85,-63.0,7.0,1.3,0.0984,4.5,3.8333,3.2,0.3774,46.0,24.4,0.1378,73.8,62.3583,49.4,8.5906,748.3,1.5,0.145,4.3,3.6083,2.8,0.523,43.3,29.8,0.2636,53.0,31.925,23.2,8.4168,383.1,15.4,0.391,22.1,14.3167,6.7,5.5983,171.8,16.6,0.2831,29.7,21.3667,13.1,6.0497,256.4,13.3,0.6182,14.7,7.8417,1.4,4.8476,94.1,14.9372,9.0628,17.4002,64.2998,194.9091
-29.9,-63.7167,341.0,7.3,0.5962,7.9,4.7333,0.6,2.8218,56.8,16.8,0.0839,81.9,73.9917,65.1,6.2072,887.9,1.6,0.1247,4.4,3.7,2.8,0.4612,44.4,115.4,0.7573,120.3,62.7417,4.9,47.516,752.9,14.6,0.2875,24.5,17.8417,9.9,5.1288,214.1,13.1,0.1821,31.8,25.575,18.7,4.6566,306.9,12.28,0.3812,17.8,12.0183,5.52,4.5816,144.22,13.9258,10.0742,6.4502,53.3498,208.6384
-31.95,-65.1333,569.0,7.5,0.6267,8.5,4.75,1.0,2.977,57.0,24.5,0.1473,72.9,60.6,48.4,8.9238,727.2,1.1,0.0914,3.8,3.25,2.7,0.297,39.0,106.6,0.8019,111.3,53.3917,4.7,42.8127,640.7,15.4,0.3009,25.4,18.3583,10.0,5.5241,220.3,14.6,0.2039,32.7,25.95,18.1,5.2919,311.4,14.0,0.4134,18.4,12.0667,4.4,4.9884,144.8,14.0927,9.9073,8.5002,55.3998,223.8043
-33.7167,-65.3667,486.0,7.3,0.4872,9.1,5.6833,1.8,2.7689,68.2,16.5,0.0919,77.4,68.7083,60.9,6.3125,824.5,0.7,0.0546,4.1,3.675,3.4,0.2006,44.1,95.6,0.6239,105.4,60.3583,9.8,37.6591,724.3,16.3,0.3694,23.3,15.6917,7.0,5.7963,188.3,14.1,0.2042,31.2,24.5667,17.1,5.0166,294.8,15.8,0.6957,15.5,8.1583,-0.3,5.6754,97.9,14.2435,9.7565,10.2669,57.1665,215.1227
